FechaHora,Bateria_Volts,Corriente_Panel_Solar,LgcTsol,Nivel_Agua_m,Precipitacion_mm,Precipitacion_24h_mm,Presion_Sensor_cm,Temperatura_Agua_C,Temperatura_Interna_C,Humedad_Interna_Porc,Clasificacion_Clima
2007-12-25 13:00:00,12.8,134.0,0.0,0.6571700924356842,649.0,71.0,0.0,28.7,28.0,54.0,Cálido_y_Lluvioso
2007-12-25 12:00:00,12.75,100.5,0.25,0.48518503089758297,649.0,71.0,0.0,22.725,27.5,43.0,Desconocido
2007-12-25 11:00:00,12.7,67.0,0.5,0.5064989499419358,412.0,56.5,0.0,16.75,27.0,32.0,Desconocido
2007-12-25 10:00:00,12.65,33.5,0.75,0.5070230487821824,649.0,28.25,0.0,10.775000000000002,26.5,21.0,Desconocido
2007-12-22 18:00:00,13.0,169.6800000000003,0.0,0.5009931297294977,45.0,34.0,0.0,8.55,41.0,14.0,Desconocido
2007-12-22 16:00:00,12.966666666666667,169.6800000000003,0.0,0.4820721793356183,649.0,45.33333333333333,0.0,13.066666666666666,41.0,13.0,Desconocido
2007-12-22 15:00:00,12.933333333333334,169.6800000000003,0.0,0.4988647991003678,649.0,22.666666666666664,0.0,17.233333333333334,41.0,13.0,Desconocido
2007-12-18 11:00:00,12.6,5.0,0.0,0.5731639253250729,38.0,19.0,0.0,4.8,25.0,60.0,Frío_y_Lluvioso
2007-12-18 09:00:00,12.6,0.0,1.0,0.5695362818164059,38.0,19.0,0.0,4.8,25.0,41.0,Frío_y_Lluvioso
2007-12-18 06:00:00,12.6,0.0,1.0,0.5649373785477388,38.0,19.0,0.0,4.8,26.0,13.0,Frío_y_Lluvioso
2007-12-18 05:00:00,12.6,0.0,1.0,0.5543001150113974,38.0,19.0,0.0,4.8,26.0,4.0,Frío_y_Lluvioso
2007-12-18 02:00:00,12.7,0.0,1.0,0.5600658229003111,38.0,19.0,0.0,4.8,27.0,60.0,Frío_y_Lluvioso
2007-12-17 23:00:00,12.8,0.0,1.0,0.5548502755409822,38.0,19.0,0.0,4.8,30.0,2.0,Frío_y_Lluvioso
2007-12-17 21:00:00,13.1,42.0,0.0,0.5666661779236623,38.0,19.0,0.0,12.4,36.0,40.0,Frío_y_Lluvioso
2007-12-17 18:00:00,13.1,54.0,0.0,0.5587113478741021,38.0,19.0,0.0,16.9,38.0,43.0,Templado_y_Lluvioso
2007-12-17 15:00:00,13.1,77.0,0.0,0.5623358833104279,38.0,19.0,0.0,4.8,33.0,50.0,Frío_y_Lluvioso
2007-12-17 12:00:00,12.6,23.0,0.0,0.5544959396032093,38.0,19.0,0.0,4.8,26.0,18.0,Frío_y_Lluvioso
2007-12-13 02:00:00,12.649999999999999,55.5,1.0,0.4993166940174961,12.0,49.0,0.0,20.45,35.0,21.0,Desconocido
2007-12-13 01:00:00,12.7,111.0,1.0,0.6571700924356842,649.0,71.0,0.0,36.1,41.0,14.0,Cálido_y_Lluvioso
2007-12-13 00:00:00,12.7,55.5,1.0,0.4947656284778614,10.0,49.0,0.0,20.450000000000003,35.5,27.0,Desconocido
2007-12-11 12:00:00,12.825,167.5,0.25,0.5002707364512342,631.0,31.75,0.0,15.725000000000001,32.75,6.5,Desconocido
2007-12-11 11:00:00,12.75,169.6800000000003,0.5,0.5141673494968129,629.0,63.5,0.0,26.650000000000002,35.5,7.0,Desconocido
2007-12-11 10:00:00,12.675,169.6800000000003,0.75,0.5057431321113314,631.0,71.0,0.0,37.575,38.25,7.5,Desconocido
2007-12-11 09:00:00,12.6,169.6800000000003,1.0,0.6571700924356842,576.0,71.0,0.0,48.5,41.0,8.0,Cálido_y_Lluvioso
2007-12-06 16:00:00,12.9,49.0,1.0,0.5745984142020559,649.0,20.0,0.0,13.2,41.0,25.0,Frío_y_Lluvioso
2007-12-03 20:00:00,13.1,115.0,0.0,0.6571700924356842,649.0,71.0,0.0,5.1,25.0,33.0,Frío_y_Lluvioso
2007-12-01 07:00:00,12.845454545454546,22.909090909090907,0.6363636363636364,0.49886937904440537,621.0,20.363636363636363,0.0,12.327272727272728,29.90909090909091,31.90909090909091,Desconocido
2007-12-01 06:00:00,12.809090909090909,17.18181818181818,0.7272727272727273,0.5059107856525765,621.0,23.272727272727273,0.0,10.445454545454545,29.18181818181818,29.181818181818183,Desconocido
2007-12-01 05:00:00,12.772727272727272,11.454545454545453,0.8181818181818182,0.49693565585779925,621.0,26.181818181818183,0.0,8.563636363636363,28.454545454545453,26.454545454545457,Desconocido
2007-12-01 04:00:00,12.736363636363636,5.727272727272727,0.9090909090909092,0.4991272160204652,621.0,29.090909090909093,0.0,6.68181818181818,27.727272727272727,23.72727272727273,Desconocido
2007-12-01 03:00:00,12.7,0.0,1.0,0.5926765287099686,621.0,32.0,0.0,4.8,27.0,21.0,Frío_y_Lluvioso
2007-12-01 02:00:00,12.7,0.0,1.0,0.5057266825848273,621.0,32.0,0.0,4.8,28.0,34.0,Desconocido
2007-12-01 01:00:00,12.7,0.0,1.0,0.5883487799084375,621.0,32.0,0.0,4.8,29.0,47.0,Frío_y_Lluvioso
2007-12-01 00:00:00,12.7,0.0,1.0,0.5985975988577339,621.0,32.0,0.0,4.8,30.0,26.0,Frío_y_Lluvioso
2007-11-30 23:00:00,12.799999999999999,14.0,0.6666666666666667,0.4924568928465394,621.0,32.0,0.0,5.566666666666666,34.333333333333336,24.333333333333332,Desconocido
2007-11-30 22:00:00,12.9,28.0,0.33333333333333337,0.4991320024076074,621.0,32.0,0.0,6.333333333333333,38.666666666666664,22.666666666666668,Desconocido
2007-11-30 21:00:00,13.0,42.0,0.0,0.6021785080158376,621.0,32.0,0.0,7.1,41.0,21.0,Frío_y_Lluvioso
2007-11-30 20:00:00,13.0,44.0,0.0,0.6022237780518955,621.0,32.0,0.0,8.2,41.0,31.0,Frío_y_Lluvioso
2007-11-30 19:00:00,13.02,48.6,0.0,0.4774971671427373,621.0,32.0,0.0,9.54,40.6,32.0,Desconocido
2007-11-30 18:00:00,13.04,53.2,0.0,0.5053463820510697,621.0,32.0,0.0,10.879999999999999,39.2,33.0,Desconocido
2007-11-30 17:00:00,13.06,57.8,0.0,0.49798611927171943,621.0,32.0,0.0,12.22,37.8,34.0,Desconocido
2007-11-30 16:00:00,13.08,62.4,0.0,0.5069537422743282,621.0,32.0,0.0,13.56,36.4,35.0,Desconocido
2007-11-30 15:00:00,13.1,67.0,0.0,0.5935248653055328,621.0,32.0,0.0,14.9,35.0,36.0,Frío_y_Lluvioso
2007-11-30 14:00:00,13.1,73.0,0.0,0.5986666016822897,621.0,32.0,0.0,12.1,34.0,31.0,Frío_y_Lluvioso
2007-11-30 13:00:00,12.9,50.33333333333333,0.0,0.5087515142239124,621.0,41.333333333333336,0.0,9.666666666666666,31.0,34.0,Desconocido
2007-11-30 12:00:00,12.7,27.666666666666664,0.0,0.5027388313325436,621.0,50.66666666666667,0.0,7.233333333333333,28.0,37.0,Desconocido
2007-11-30 11:00:00,12.5,5.0,0.0,0.6571700924356842,621.0,60.0,0.0,4.8,25.0,40.0,Frío_y_Lluvioso
2007-11-30 10:00:00,12.5,3.333333333333333,0.3333333333333333,0.49211576077711494,621.0,60.0,0.0,4.8,24.666666666666668,36.0,Desconocido
2007-11-30 09:00:00,12.5,1.6666666666666665,0.6666666666666666,0.5099343945785603,621.0,60.0,0.0,4.8,24.333333333333332,32.0,Desconocido
2007-11-30 08:00:00,12.5,0.0,1.0,0.6571700924356842,619.0,60.0,0.0,4.8,24.0,28.0,Frío_y_Lluvioso
2007-11-30 07:00:00,12.516666666666666,0.0,1.0,0.48917463788653376,619.0,60.0,0.0,4.8,24.0,33.0,Desconocido
2007-11-30 06:00:00,12.533333333333333,0.0,1.0,0.495039247159625,619.0,60.0,0.0,4.8,24.0,38.0,Desconocido
2007-11-30 05:00:00,12.55,0.0,1.0,0.49549919711373086,619.0,60.0,0.0,4.8,24.0,43.0,Desconocido
2007-11-30 04:00:00,12.566666666666666,0.0,1.0,0.496029853402297,619.0,60.0,0.0,4.8,24.0,48.0,Desconocido
2007-11-30 03:00:00,12.583333333333332,0.0,1.0,0.4907360959567237,619.0,60.0,0.0,4.8,24.0,53.0,Desconocido
2007-11-30 02:00:00,12.6,0.0,1.0,0.6571700924356842,619.0,60.0,0.0,4.8,24.0,58.0,Frío_y_Lluvioso
2007-11-30 01:00:00,12.65,2.75,0.75,0.528671558408102,619.0,60.0,0.0,4.8,24.5,55.5,Desconocido
2007-11-30 00:00:00,12.7,5.5,0.5,0.49188863392279825,619.0,60.0,0.0,4.8,25.0,53.0,Desconocido
2007-11-29 23:00:00,12.75,8.25,0.25,0.5002229164455166,619.0,60.0,0.0,4.8,25.5,50.5,Desconocido
2007-11-29 22:00:00,12.8,11.0,0.0,0.6571700924356842,619.0,60.0,0.0,4.8,26.0,48.0,Frío_y_Lluvioso
2007-11-29 21:00:00,12.8,11.0,0.0,0.6571700924356842,618.0,60.0,0.0,4.8,26.0,48.0,Frío_y_Lluvioso
2007-11-29 20:00:00,12.875,24.0,0.0,0.5101400605486246,617.0,60.0,0.0,4.35,28.0,40.5,Desconocido
2007-11-29 19:00:00,12.95,37.0,0.0,0.4774971671427373,595.0,60.0,0.0,3.9,30.0,33.0,Desconocido
2007-11-29 18:00:00,13.025,50.0,0.0,0.4871922578380424,590.0,60.0,0.0,3.45,32.0,25.5,Desconocido
2007-11-29 17:00:00,13.1,63.0,0.0,0.6571700924356842,590.0,60.0,0.0,3.0,34.0,18.0,Frío_y_Lluvioso
2007-11-29 16:00:00,13.1,75.5,0.0,0.48717149194045056,590.0,60.0,0.0,20.15,34.5,32.0,Desconocido
2007-11-29 15:00:00,13.1,88.0,0.0,0.6571700924356842,590.0,60.0,0.0,37.3,35.0,46.0,Cálido_y_Lluvioso
2007-11-29 14:00:00,13.1,70.0,0.0,0.6571700924356842,590.0,60.0,0.0,4.8,32.0,56.0,Frío_y_Lluvioso
2007-11-29 13:00:00,13.055555555555555,62.22222222222222,0.1111111111111111,0.49723298003402816,590.0,53.44444444444444,0.0,4.8,31.333333333333332,49.888888888888886,Desconocido
2007-11-29 12:00:00,13.011111111111111,54.44444444444444,0.2222222222222222,0.4967168160916581,590.0,46.888888888888886,0.0,4.8,30.666666666666668,43.77777777777778,Desconocido
2007-11-29 11:00:00,12.966666666666667,46.66666666666667,0.3333333333333333,0.4811351095763275,590.0,40.333333333333336,0.0,4.8,30.0,37.66666666666667,Desconocido
2007-11-29 10:00:00,12.922222222222222,38.888888888888886,0.4444444444444444,0.49751051343350605,590.0,33.77777777777778,0.0,4.8,29.333333333333332,31.555555555555557,Desconocido
2007-11-29 09:00:00,12.877777777777776,31.111111111111114,0.5555555555555556,0.49424967638105216,590.0,27.22222222222222,0.0,4.8,28.666666666666668,25.444444444444446,Desconocido
2007-11-29 08:00:00,12.833333333333332,23.333333333333336,0.6666666666666666,0.49479975231367374,590.0,20.66666666666667,0.0,4.8,28.0,19.333333333333336,Desconocido
2007-11-23 09:00:00,12.683333333333334,16.833333333333343,0.8333333333333333,0.49519942516698867,514.0,20.833333333333336,0.0,6.833333333333334,26.333333333333336,23.333333333333336,Desconocido
2007-11-23 08:00:00,12.6,0.0,1.0,0.5735392791014234,514.0,25.0,0.0,4.8,25.0,25.0,Frío_y_Lluvioso
2007-11-23 07:00:00,12.6,0.0,1.0,0.49261408268090207,514.0,25.0,0.0,4.8,25.0,42.0,Desconocido
2007-11-23 06:00:00,12.6,0.0,1.0,0.5861989340169429,514.0,25.0,0.0,4.8,25.0,59.0,Frío_y_Lluvioso
2007-11-23 05:00:00,12.6,0.0,1.0,0.4998896119612877,514.0,25.0,0.0,4.8,25.5,35.0,Desconocido
2007-11-23 04:00:00,12.6,0.0,1.0,0.5814467680766775,514.0,25.0,0.0,4.8,26.0,11.0,Frío_y_Lluvioso
2007-11-23 03:00:00,12.649999999999999,0.0,1.0,0.5180682966315766,514.0,25.0,0.0,4.8,26.5,7.5,Desconocido
2007-11-23 02:00:00,12.7,0.0,1.0,0.5884166916090381,514.0,25.0,0.0,4.8,27.0,4.0,Frío_y_Lluvioso
2007-11-23 01:00:00,12.7,0.0,1.0,0.49938703191562106,514.0,25.0,0.0,4.8,28.0,29.0,Desconocido
2007-11-23 00:00:00,12.7,0.0,1.0,0.5708086544360583,514.0,25.0,0.0,4.8,29.0,54.0,Frío_y_Lluvioso
2007-11-22 23:00:00,12.7,0.0,1.0,0.5732079160279872,514.0,25.0,0.0,1.8,32.0,21.0,Frío_y_Lluvioso
2007-11-22 22:00:00,12.85,25.5,0.5,0.5078945063417878,514.0,25.0,0.0,5.199999999999999,37.0,27.5,Desconocido
2007-11-22 21:00:00,13.0,51.0,0.0,0.571005296866279,514.0,25.0,0.0,9.0,41.0,34.0,Frío_y_Lluvioso
2007-11-22 20:00:00,13.0,56.5,0.0,0.498832500103461,514.0,25.0,0.0,13.2,40.5,24.0,Desconocido
2007-11-22 19:00:00,13.0,62.0,0.0,0.5719879401993873,514.0,25.0,0.0,17.4,39.0,14.0,Templado_y_Lluvioso
2007-11-22 18:00:00,13.0,67.6,0.0,0.5005687629301493,514.0,25.0,0.0,14.399999999999999,37.6,20.4,Desconocido
2007-11-22 17:00:00,13.0,73.2,0.0,0.4999989668714584,514.0,25.0,0.0,11.399999999999999,36.2,26.8,Desconocido
2007-11-22 16:00:00,13.0,78.8,0.0,0.5104219116976895,514.0,25.0,0.0,8.4,34.8,33.2,Desconocido
2007-11-22 15:00:00,13.0,84.4,0.0,0.49406408162965415,514.0,25.0,0.0,5.4,33.4,39.6,Desconocido
2007-11-22 14:00:00,13.0,90.0,0.0,0.5671632823557721,514.0,25.0,0.0,2.4,32.0,46.0,Frío_y_Lluvioso
2007-11-22 13:00:00,12.916666666666666,75.0,0.16666666666666666,0.48182712764573615,514.0,29.0,0.0,2.8,30.833333333333332,43.833333333333336,Desconocido
2007-11-22 12:00:00,12.833333333333334,60.0,0.3333333333333333,0.5175838955142444,514.0,33.0,0.0,3.1999999999999997,29.666666666666668,41.666666666666664,Desconocido
2007-11-22 11:00:00,12.75,45.0,0.5,0.48876560702077293,514.0,37.0,0.0,3.5999999999999996,28.5,39.5,Desconocido
2007-11-22 10:00:00,12.666666666666666,30.0,0.6666666666666666,0.5056270006520817,514.0,41.0,0.0,4.0,27.333333333333332,37.333333333333336,Desconocido
2007-11-22 09:00:00,12.583333333333334,15.0,0.8333333333333333,0.4875966242143266,514.0,45.0,0.0,4.3999999999999995,26.166666666666664,35.16666666666667,Desconocido
2007-11-22 08:00:00,12.5,0.0,1.0,0.6571700924356842,514.0,49.0,0.0,4.8,25.0,33.0,Frío_y_Lluvioso
2007-11-22 07:00:00,12.5,0.0,1.0,0.4951349907343795,514.0,49.0,0.0,4.8,25.0,29.333333333333332,Desconocido
2007-11-22 06:00:00,12.5,0.0,1.0,0.49852075751436864,514.0,49.0,0.0,4.8,25.0,25.666666666666668,Desconocido
2007-11-22 05:00:00,12.5,0.0,1.0,0.6349556453007003,514.0,49.0,0.0,4.8,25.0,22.0,Frío_y_Lluvioso
2007-11-22 04:00:00,12.5,0.0,1.0,0.6344500226880438,514.0,49.0,0.0,4.8,25.0,16.0,Frío_y_Lluvioso
2007-11-22 03:00:00,12.5,0.0,1.0,0.6571700924356842,514.0,49.0,0.0,4.8,25.0,7.0,Frío_y_Lluvioso
2007-11-22 02:00:00,12.5,0.0,1.0,0.6507281986824511,514.0,49.0,0.0,4.8,25.0,60.0,Frío_y_Lluvioso
2007-11-22 01:00:00,12.55,0.0,1.0,0.4896493139016222,514.0,49.0,0.0,4.8,26.0,31.5,Desconocido
2007-11-22 00:00:00,12.6,0.0,1.0,0.6571700924356842,514.0,49.0,0.0,4.8,27.0,3.0,Frío_y_Lluvioso
2007-11-21 23:00:00,12.6,0.0,1.0,0.6509212400454202,514.0,49.0,0.0,4.8,27.0,3.0,Frío_y_Lluvioso
2007-11-21 22:00:00,12.75,13.0,0.5,0.49282776996070415,514.0,48.5,0.0,17.599999999999998,36.0,17.5,Desconocido
2007-11-21 21:00:00,12.9,26.0,0.0,0.636930106124525,649.0,48.0,0.0,30.4,41.0,32.0,Cálido_y_Lluvioso
2007-11-21 20:00:00,12.9,32.0,0.0,0.4933195871450586,578.0,48.333333333333336,0.0,21.866666666666667,39.333333333333336,26.666666666666668,Desconocido
2007-11-21 19:00:00,12.9,38.0,0.0,0.5139083773043632,514.0,48.666666666666664,0.0,13.333333333333332,33.666666666666664,21.333333333333336,Desconocido
2007-11-21 18:00:00,12.9,44.0,0.0,0.648127297429382,514.0,49.0,0.0,4.8,28.0,16.0,Frío_y_Lluvioso
2007-11-21 17:00:00,12.8,35.0,0.0,0.6483686901266553,514.0,49.0,0.0,4.8,27.0,31.0,Frío_y_Lluvioso
2007-11-21 16:00:00,12.8,36.0,0.0,0.633893234283928,514.0,49.0,0.0,4.8,27.0,34.0,Frío_y_Lluvioso
2007-11-21 15:00:00,12.7,28.0,0.0,0.63757207708221,512.0,49.0,0.0,4.8,26.0,33.0,Frío_y_Lluvioso
2007-11-21 14:00:00,12.688888888888888,24.88888888888889,0.1111111111111111,0.5087727259124418,511.0,43.666666666666664,0.0,4.8,26.0,36.111111111111114,Desconocido
2007-11-21 13:00:00,12.677777777777777,21.77777777777778,0.2222222222222222,0.4965246715445564,507.0,38.333333333333336,0.0,4.8,26.0,39.22222222222222,Desconocido
2007-11-21 12:00:00,12.666666666666666,18.666666666666664,0.3333333333333333,0.5133204573169265,489.0,33.0,0.0,4.8,26.0,42.333333333333336,Desconocido
2007-11-21 11:00:00,12.655555555555555,15.555555555555555,0.4444444444444444,0.49806849205564774,484.0,27.666666666666668,0.0,4.8,26.0,45.44444444444444,Desconocido
2007-11-21 10:00:00,12.644444444444444,12.444444444444445,0.5555555555555556,0.5080241947006658,472.0,22.333333333333336,0.0,4.8,26.0,48.55555555555556,Desconocido
2007-11-20 21:00:00,12.75,169.6800000000003,0.5,0.5218650774626133,444.0,71.0,0.0,8.4,18.0,13.0,Desconocido
2007-11-20 20:00:00,12.8,169.6800000000003,1.0,0.6571700924356842,227.0,71.0,0.0,12.0,18.0,3.0,Frío_y_Lluvioso
2007-11-17 07:00:00,12.71111111111111,22.444444444444457,0.7777777777777777,0.4876232743953345,440.0,22.555555555555557,0.0,5.888888888888888,26.0,31.333333333333336,Desconocido
2007-11-17 06:00:00,12.655555555555555,11.222222222222229,0.8888888888888888,0.5110679807929207,440.0,25.77777777777778,0.0,5.344444444444444,25.0,33.66666666666667,Desconocido
2007-11-17 05:00:00,12.6,0.0,1.0,0.5838087855036581,440.0,29.0,0.0,4.8,24.0,36.0,Frío_y_Lluvioso
2007-11-17 04:00:00,12.6,0.0,1.0,0.5183995236762355,440.0,29.0,0.0,4.8,24.0,24.5,Desconocido
2007-11-17 03:00:00,12.6,0.0,1.0,0.5870610069013174,440.0,29.0,0.0,4.8,24.0,13.0,Frío_y_Lluvioso
2007-11-17 02:00:00,12.6,0.0,1.0,0.5888672768843821,440.0,29.0,0.0,4.8,25.0,60.0,Frío_y_Lluvioso
2007-11-17 01:00:00,12.666666666666666,7.0,0.8333333333333334,0.49856777462158247,440.0,29.0,0.0,4.8,26.0,56.666666666666664,Desconocido
2007-11-17 00:00:00,12.733333333333333,14.0,0.6666666666666667,0.4939910458491678,440.0,29.0,0.0,4.8,27.0,51.333333333333336,Desconocido
2007-11-16 23:00:00,12.8,21.0,0.5,0.5034691284395565,440.0,29.0,0.0,4.8,28.0,46.0,Desconocido
2007-11-16 22:00:00,12.866666666666667,28.0,0.33333333333333337,0.5011173160109251,440.0,29.0,0.0,4.8,29.0,40.66666666666667,Desconocido
2007-11-16 21:00:00,12.933333333333334,35.0,0.16666666666666674,0.49831696911270823,440.0,29.0,0.0,4.8,30.0,35.333333333333336,Desconocido
2007-11-16 20:00:00,13.0,42.0,0.0,0.6071234662666856,440.0,29.0,0.0,4.8,31.0,30.0,Frío_y_Lluvioso
2007-11-16 19:00:00,13.1,81.0,0.0,0.5690713999572654,440.0,29.0,0.0,27.8,32.0,58.0,Cálido_y_Lluvioso
2007-11-16 18:00:00,13.1,81.0,0.0,0.5955966681232613,440.0,29.0,0.0,27.8,32.0,58.0,Cálido_y_Lluvioso
2007-11-16 17:00:00,13.1,92.0,0.0,0.5915083862856242,440.0,29.0,0.0,17.7,31.0,24.0,Templado_y_Lluvioso
2007-11-16 16:00:00,13.05,78.5,0.0,0.49557604420880286,440.0,29.0,0.0,11.25,28.5,27.0,Desconocido
2007-11-16 15:00:00,13.0,65.0,0.0,0.5822591300212007,440.0,29.0,0.0,4.8,26.0,30.0,Frío_y_Lluvioso
2007-11-16 14:00:00,12.9,58.5,0.0,0.487315386836595,440.0,29.0,0.0,4.8,25.0,38.0,Desconocido
2007-11-16 13:00:00,12.8,52.0,0.0,0.5833829205880653,440.0,29.0,0.0,4.8,24.0,46.0,Frío_y_Lluvioso
2007-11-16 12:00:00,12.766666666666667,46.22222222222222,0.1111111111111111,0.5079567996673194,440.0,25.77777777777778,0.0,4.8,23.77777777777778,41.111111111111114,Desconocido
2007-11-16 11:00:00,12.733333333333334,40.44444444444444,0.2222222222222222,0.5107294001501103,440.0,22.555555555555557,0.0,4.8,23.555555555555557,36.22222222222222,Desconocido
2007-11-11 08:00:00,12.6,165.0,1.0,0.5568429082403981,649.0,16.0,0.0,16.0,24.0,37.0,Templado_y_Lluvioso
2007-11-10 19:00:00,13.05,169.6800000000003,0.0,0.4897600431782397,395.0,25.5,0.0,8.1,33.5,14.5,Desconocido
2007-11-10 18:00:00,13.075,169.6800000000003,0.0,0.499013057685181,395.0,38.25,0.0,7.85,30.25,13.25,Desconocido
2007-11-10 17:00:00,13.1,169.6800000000003,0.0,0.6491813016964693,403.0,51.0,0.0,7.6,27.0,12.0,Frío_y_Lluvioso
2007-11-08 07:00:00,12.6,0.0,1.0,0.5620637543718183,394.0,16.0,0.0,4.8,27.0,8.0,Frío_y_Lluvioso
2007-11-05 16:00:00,13.174816143497758,141.0,0.6666666666666667,0.4967644134753108,365.0,71.0,0.0,18.03333333333333,41.0,53.666666666666664,Desconocido
2007-11-05 15:00:00,13.174816143497758,113.0,0.33333333333333337,0.4873446952173285,649.0,70.66666666666666,0.0,21.966666666666665,41.0,49.333333333333336,Desconocido
2007-11-05 12:00:00,12.7,33.666666666666664,0.0,0.49205046789247103,365.0,37.0,0.0,11.833333333333334,28.666666666666668,55.0,Desconocido
2007-11-05 11:00:00,12.5,8.0,0.0,0.6366668972853038,365.0,55.0,0.0,4.8,26.0,60.0,Frío_y_Lluvioso
2007-11-05 10:00:00,12.55,4.0,0.5,0.4979041478350032,365.0,55.0,0.0,4.8,26.0,55.0,Desconocido
2007-11-05 09:00:00,12.6,0.0,1.0,0.6571700924356842,365.0,55.0,0.0,4.8,26.0,50.0,Frío_y_Lluvioso
2007-11-05 08:00:00,12.6,0.0,1.0,0.4972108259484192,365.0,55.0,0.0,4.8,26.0,46.0,Desconocido
2007-11-05 07:00:00,12.6,0.0,1.0,0.6571700924356842,365.0,55.0,0.0,4.8,26.0,42.0,Frío_y_Lluvioso
2007-11-05 06:00:00,12.6,0.0,1.0,0.6571700924356842,365.0,55.0,0.0,4.8,26.0,36.0,Frío_y_Lluvioso
2007-11-05 05:00:00,12.6,0.0,1.0,0.6571700924356842,365.0,55.0,0.0,4.8,26.0,28.0,Frío_y_Lluvioso
2007-11-05 04:00:00,12.6,0.0,1.0,0.6571700924356842,365.0,55.0,0.0,4.8,26.0,20.0,Frío_y_Lluvioso
2007-11-05 03:00:00,12.649999999999999,0.0,1.0,0.5112680689279447,365.0,55.0,0.0,4.8,26.0,38.0,Desconocido
2007-11-05 02:00:00,12.7,0.0,1.0,0.6571700924356842,365.0,55.0,0.0,4.8,26.0,56.0,Frío_y_Lluvioso
2007-11-05 01:00:00,12.7,0.0,1.0,0.6571700924356842,365.0,55.0,0.0,4.8,27.0,37.0,Frío_y_Lluvioso
2007-11-05 00:00:00,12.7,0.0,1.0,0.6409899462237221,365.0,55.0,0.0,4.8,27.0,10.0,Frío_y_Lluvioso
2007-11-04 23:00:00,12.7,0.0,1.0,0.6571700924356842,365.0,55.0,0.0,4.8,28.0,40.0,Frío_y_Lluvioso
2007-11-04 22:00:00,12.8,12.0,0.5,0.5063341544955003,365.0,55.0,0.0,4.8,29.5,48.5,Desconocido
2007-11-04 21:00:00,12.9,24.0,0.0,0.6571700924356842,365.0,55.0,0.0,4.8,31.0,57.0,Frío_y_Lluvioso
2007-11-04 20:00:00,12.95,34.5,0.0,0.49936187571956403,365.0,55.0,0.0,14.025000000000002,32.0,57.75,Desconocido
2007-11-04 19:00:00,13.0,45.0,0.0,0.5011916655303671,365.0,55.0,0.0,23.250000000000004,33.0,58.5,Desconocido
2007-11-04 18:00:00,13.05,55.5,0.0,0.4959609831211851,365.0,55.0,0.0,32.475,34.0,59.25,Desconocido
2007-11-04 17:00:00,13.1,66.0,0.0,0.6571700924356842,365.0,55.0,0.0,41.7,35.0,60.0,Cálido_y_Lluvioso
2007-11-04 16:00:00,13.1,73.66666666666667,0.0,0.5022730974064311,365.0,55.0,0.0,29.4,34.0,51.666666666666664,Desconocido
2007-11-04 15:00:00,13.1,81.33333333333333,0.0,0.49113882191401975,365.0,55.0,0.0,17.099999999999998,33.0,43.33333333333333,Desconocido
2007-11-04 14:00:00,13.1,89.0,0.0,0.6571700924356842,365.0,55.0,0.0,4.8,32.0,35.0,Frío_y_Lluvioso
2007-11-04 13:00:00,12.85,54.0,0.0,0.47938966775861697,365.0,55.0,0.0,4.8,29.5,17.5,Desconocido
2007-11-04 12:00:00,12.6,19.0,0.0,0.6568050754691118,365.0,55.0,0.0,4.8,27.0,0.0,Frío_y_Lluvioso
2007-11-04 11:00:00,12.575,14.25,0.25,0.4974773598641691,364.0,41.75,0.0,4.8,26.75,8.25,Desconocido
2007-11-04 10:00:00,12.55,9.5,0.5,0.489539891873443,363.0,28.5,0.0,4.8,26.5,16.5,Desconocido
2007-10-30 10:00:00,12.6,0.0,1.0,0.5959875110296824,301.0,29.0,0.0,4.8,25.0,39.0,Frío_y_Lluvioso
2007-10-30 09:00:00,12.6,0.0,1.0,0.580497922600799,301.0,29.0,0.0,4.8,25.0,33.0,Frío_y_Lluvioso
2007-10-30 08:00:00,12.625,0.0,1.0,0.5078644071165138,301.0,29.0,0.0,4.8,25.0,37.0,Desconocido
2007-10-30 07:00:00,12.649999999999999,0.0,1.0,0.49768688892198815,301.0,29.0,0.0,4.8,25.0,41.0,Desconocido
2007-10-30 06:00:00,12.674999999999999,0.0,1.0,0.5056053791167234,301.0,29.0,0.0,4.8,25.0,45.0,Desconocido
2007-10-30 05:00:00,12.7,0.0,1.0,0.5949066146643697,301.0,29.0,0.0,4.8,25.0,49.0,Frío_y_Lluvioso
2007-10-30 04:00:00,12.7,0.0,1.0,0.4990726798296707,301.0,29.0,0.0,4.8,25.666666666666668,44.333333333333336,Desconocido
2007-10-30 03:00:00,12.7,0.0,1.0,0.5118900992789724,301.0,29.0,0.0,4.8,26.333333333333332,39.666666666666664,Desconocido
2007-10-30 02:00:00,12.7,0.0,1.0,0.5713873399316028,301.0,29.0,0.0,4.8,27.0,35.0,Frío_y_Lluvioso
2007-10-30 01:00:00,12.75,5.25,0.75,0.5088492003745474,301.0,29.0,0.0,3.9499999999999997,29.0,37.5,Desconocido
2007-10-30 00:00:00,12.8,10.5,0.5,0.48325433376828775,301.0,29.0,0.0,3.0999999999999996,31.0,40.0,Desconocido
2007-10-29 23:00:00,12.85,15.75,0.25,0.5027421908800236,301.0,29.0,0.0,2.25,33.0,42.5,Desconocido
2007-10-29 22:00:00,12.9,21.0,0.0,0.5944462481625441,301.0,29.0,0.0,1.8,35.0,45.0,Frío_y_Lluvioso
2007-10-29 21:00:00,12.95,30.75,0.0,0.5061894547242731,301.0,29.0,0.0,12.8,35.5,44.0,Desconocido
2007-10-29 20:00:00,13.0,40.5,0.0,0.4930347716289858,301.0,29.0,0.0,24.2,36.0,43.0,Desconocido
2007-10-29 19:00:00,13.05,50.25,0.0,0.5239981354474499,301.0,29.0,0.0,35.6,36.5,42.0,Desconocido
2007-10-29 18:00:00,13.1,60.0,0.0,0.5805554845941803,301.0,29.0,0.0,47.0,37.0,41.0,Cálido_y_Lluvioso
2007-10-29 17:00:00,13.1,76.0,0.0,0.5889392493671558,301.0,29.0,0.0,45.3,36.0,17.0,Cálido_y_Lluvioso
2007-10-29 16:00:00,13.1,75.5,0.0,0.5029958305938006,301.0,29.0,0.0,37.75,35.0,36.0,Desconocido
2007-10-29 15:00:00,13.1,75.0,0.0,0.5792114161341552,301.0,29.0,0.0,30.2,34.0,55.0,Cálido_y_Lluvioso
2007-10-29 14:00:00,13.05,71.0,0.0,0.5203778474343778,301.0,29.0,0.0,17.5,31.0,59.0,Desconocido
2007-10-29 13:00:00,13.0,67.0,0.0,0.5947397947172824,301.0,29.0,0.0,4.8,28.0,60.0,Frío_y_Lluvioso
2007-10-28 22:00:00,12.75,169.6800000000003,1.0,0.47928160735424574,296.0,27.5,0.0,3.8499999999999996,18.0,44.5,Desconocido
2007-10-28 21:00:00,12.8,169.6800000000003,1.0,0.6571700924356842,649.0,51.0,0.0,2.9,18.0,51.0,Frío_y_Lluvioso
2007-10-28 20:00:00,12.95,169.6800000000003,0.5,0.5015934118218665,281.0,27.5,0.0,2.15,19.0,35.5,Desconocido
2007-10-21 10:00:00,12.4,0.0,1.0,0.5587095845633596,262.0,18.0,0.0,4.8,23.0,56.0,Frío_y_Lluvioso
2007-10-18 14:00:00,12.9,108.0,1.0,0.5566838588516483,230.0,22.0,0.0,8.1,30.0,18.0,Frío_y_Lluvioso
2007-10-16 23:00:00,12.8,38.0,1.0,0.5085599361870327,227.0,34.0,0.0,22.55,35.5,37.5,Desconocido
2007-10-16 22:00:00,12.85,57.0,1.0,0.5046513835057221,227.0,51.0,0.0,31.425,39.75,44.25,Desconocido
2007-10-16 21:00:00,12.9,76.0,1.0,0.6571700924356842,610.0,68.0,0.0,40.3,41.0,51.0,Cálido_y_Lluvioso
2007-10-16 12:00:00,12.833333333333334,54.0,0.3333333333333333,0.5032207109895236,226.0,23.666666666666668,0.0,4.8,28.333333333333332,9.333333333333334,Desconocido
2007-10-16 11:00:00,12.666666666666666,27.0,0.6666666666666666,0.4912222338186314,226.0,47.333333333333336,0.0,4.8,26.666666666666668,12.666666666666668,Desconocido
2007-10-16 10:00:00,12.5,0.0,1.0,0.6571700924356842,226.0,71.0,0.0,4.8,25.0,16.0,Frío_y_Lluvioso
2007-10-16 09:00:00,12.5,0.0,1.0,0.6571700924356842,226.0,71.0,0.0,4.8,25.0,12.0,Frío_y_Lluvioso
2007-10-16 08:00:00,12.5,0.0,1.0,0.6571700924356842,226.0,71.0,0.0,4.8,26.0,11.0,Frío_y_Lluvioso
2007-10-16 07:00:00,12.6,0.0,1.0,0.6571700924356842,226.0,71.0,0.0,4.8,25.0,2.0,Frío_y_Lluvioso
2007-10-16 06:00:00,12.6,0.0,1.0,0.6571700924356842,226.0,71.0,0.0,4.8,25.0,60.0,Frío_y_Lluvioso
2007-10-16 05:00:00,12.6,0.0,1.0,0.48929050389047996,226.0,71.0,0.0,4.8,25.0,51.5,Desconocido
2007-10-16 04:00:00,12.6,0.0,1.0,0.6571700924356842,226.0,71.0,0.0,4.8,25.0,40.0,Frío_y_Lluvioso
2007-10-16 03:00:00,12.6,0.0,1.0,0.6571700924356842,226.0,71.0,0.0,4.8,26.0,28.0,Frío_y_Lluvioso
2007-10-16 02:00:00,12.666666666666666,8.166666666666666,0.8333333333333334,0.4868686717560117,226.0,71.0,0.0,5.1,27.166666666666668,31.333333333333332,Desconocido
2007-10-16 01:00:00,12.733333333333333,16.333333333333332,0.6666666666666667,0.504812902292082,226.0,71.0,0.0,5.3999999999999995,28.333333333333332,34.666666666666664,Desconocido
2007-10-16 00:00:00,12.8,24.5,0.5,0.5072764105647173,226.0,71.0,0.0,5.699999999999999,29.5,38.0,Desconocido
2007-10-15 23:00:00,12.866666666666667,32.666666666666664,0.33333333333333337,0.5184430063510231,226.0,71.0,0.0,6.0,30.666666666666668,41.333333333333336,Desconocido
2007-10-15 22:00:00,12.933333333333334,40.83333333333333,0.16666666666666674,0.5015934166412205,226.0,71.0,0.0,6.3,31.833333333333336,44.66666666666667,Desconocido
2007-10-15 21:00:00,13.0,49.0,0.0,0.6571700924356842,226.0,71.0,0.0,6.6,33.0,48.0,Frío_y_Lluvioso
2007-10-15 20:00:00,13.05,69.5,0.0,0.4983609457911745,226.0,71.0,0.0,18.049999999999997,32.0,34.0,Desconocido
2007-10-15 19:00:00,13.1,90.0,0.0,0.6571700924356842,226.0,71.0,0.0,29.5,31.0,20.0,Cálido_y_Lluvioso
2007-10-15 18:00:00,13.0,66.5,0.0,0.5043648903497534,226.0,71.0,0.0,17.15,30.0,17.0,Desconocido
2007-10-15 17:00:00,12.9,43.0,0.0,0.6571700924356842,226.0,71.0,0.0,4.8,29.0,14.0,Frío_y_Lluvioso
2007-10-15 16:00:00,12.95,51.5,0.0,0.4953048325168983,226.0,71.0,0.0,14.649999999999999,29.0,8.5,Desconocido
2007-10-15 15:00:00,13.0,60.0,0.0,0.6571700924356842,226.0,71.0,0.0,24.5,29.0,3.0,Templado_y_Lluvioso
2007-10-15 14:00:00,12.875,45.75,0.0,0.5055810151902584,226.0,55.0,0.0,19.575,27.75,11.5,Desconocido
2007-10-15 13:00:00,12.75,31.5,0.0,0.5040872275655552,226.0,39.0,0.0,14.65,26.5,20.0,Desconocido
2007-10-15 12:00:00,12.625,17.25,0.0,0.515774268862907,226.0,23.0,0.0,9.725000000000001,25.25,28.5,Desconocido
2007-10-14 11:00:00,12.5,3.0,0.0,0.5604530848662171,155.0,18.0,0.0,4.8,26.0,4.0,Frío_y_Lluvioso
2007-10-14 10:00:00,12.5,0.0,1.0,0.5666563148275284,155.0,18.0,0.0,4.8,26.0,55.0,Frío_y_Lluvioso
2007-10-14 09:00:00,12.6,0.0,1.0,0.5567863706329362,155.0,18.0,0.0,4.8,26.0,50.0,Frío_y_Lluvioso
2007-10-14 06:00:00,12.6,0.0,1.0,0.5599342365023255,153.0,18.0,0.0,4.8,26.0,24.0,Frío_y_Lluvioso
2007-10-14 05:00:00,12.6,0.0,1.0,0.5556046668647162,153.0,18.0,0.0,4.8,26.0,8.0,Frío_y_Lluvioso
2007-10-13 22:00:00,12.9,9.0,0.0,0.5630486548399568,153.0,18.0,0.0,10.8,34.0,28.0,Frío_y_Lluvioso
2007-10-13 21:00:00,13.1,76.0,0.0,0.5637711993811166,153.0,18.0,0.0,9.8,36.0,33.0,Frío_y_Lluvioso
2007-10-09 11:00:00,12.566666666666666,25.333333333333336,0.0,0.5122147906125827,128.0,71.0,0.0,32.96666666666667,33.0,12.666666666666666,Desconocido
2007-10-09 10:00:00,12.533333333333333,16.666666666666668,0.0,0.5323339192023282,128.0,71.0,0.0,35.13333333333333,39.0,24.333333333333332,Desconocido
2007-10-09 09:00:00,12.5,8.0,0.0,0.6571700924356842,649.0,71.0,0.0,37.3,41.0,36.0,Cálido_y_Lluvioso
2007-10-03 22:00:00,12.9,166.0,0.5,0.5003950027625956,126.0,71.0,0.0,14.649999999999999,24.0,32.5,Desconocido
2007-10-03 21:00:00,13.0,169.6800000000003,0.0,0.6571700924356842,649.0,71.0,0.0,17.7,18.0,14.0,Templado_y_Lluvioso
2007-10-03 20:00:00,13.0,169.6800000000003,0.0,0.5176139099730279,649.0,71.0,0.0,15.075,20.5,10.75,Desconocido
2007-10-03 19:00:00,13.0,169.6800000000003,0.0,0.5144446893137894,649.0,71.0,0.0,12.45,27.0,7.5,Desconocido
2007-10-03 18:00:00,13.0,128.75,0.0,0.5030766952623308,572.0,57.75,0.0,9.825,33.5,4.25,Desconocido
2007-09-26 21:00:00,13.0,157.33333333333334,0.33333333333333337,0.5097497101486161,126.0,24.666666666666668,0.0,14.5,41.0,46.33333333333333,Desconocido
2007-09-22 11:00:00,12.74,42.400000000000006,0.6000000000000001,0.4962745625397963,125.0,22.799999999999997,0.0,4.8,26.8,13.200000000000003,Desconocido
2007-09-22 10:00:00,12.62,21.200000000000003,0.8,0.5028031241131521,125.0,28.4,0.0,4.8,25.4,6.600000000000001,Desconocido
2007-09-22 09:00:00,12.5,0.0,1.0,0.6099580916028726,125.0,34.0,0.0,4.8,24.0,0.0,Frío_y_Lluvioso
2007-09-22 08:00:00,12.55,0.0,1.0,0.4968830140311765,125.0,34.0,0.0,4.8,24.0,29.5,Desconocido
2007-09-22 07:00:00,12.6,0.0,1.0,0.5897735239394515,125.0,34.0,0.0,4.8,24.0,59.0,Frío_y_Lluvioso
2007-09-22 06:00:00,12.6,0.0,1.0,0.513226372505965,125.0,34.0,0.0,4.8,24.0,53.0,Desconocido
2007-09-22 05:00:00,12.6,0.0,1.0,0.6087380346049622,125.0,34.0,0.0,4.8,24.0,47.0,Frío_y_Lluvioso
2007-09-22 04:00:00,12.6,0.0,1.0,0.608399010284415,125.0,34.0,0.0,47.9,24.0,38.0,Cálido_y_Lluvioso
2007-09-22 03:00:00,12.6,0.0,1.0,0.6110779166062809,125.0,34.0,0.0,45.9,24.0,32.0,Cálido_y_Lluvioso
2007-09-22 02:00:00,12.625,0.0,1.0,0.49071828369433035,125.0,34.0,0.0,35.625,24.25,29.5,Desconocido
2007-09-22 01:00:00,12.649999999999999,0.0,1.0,0.4944141282366827,125.0,34.0,0.0,25.349999999999998,24.5,27.0,Desconocido
2007-09-22 00:00:00,12.674999999999999,0.0,1.0,0.4877934330182363,125.0,34.0,0.0,15.074999999999996,24.75,24.5,Desconocido
2007-09-21 23:00:00,12.7,0.0,1.0,0.6021297280419688,125.0,34.0,0.0,4.8,25.0,22.0,Frío_y_Lluvioso
2007-09-21 22:00:00,12.75,5.0,0.5,0.49837796405682094,125.0,34.0,0.0,4.8,25.5,13.0,Desconocido
2007-09-21 21:00:00,12.8,10.0,0.0,0.6002615503888539,124.0,34.0,0.0,4.8,26.0,4.0,Frío_y_Lluvioso
2007-09-21 20:00:00,12.9,26.0,0.0,0.5861112973328347,124.0,34.0,0.0,4.8,27.0,59.0,Frío_y_Lluvioso
2007-09-21 19:00:00,12.966666666666667,39.666666666666664,0.0,0.512154019175941,120.0,34.0,0.0,6.133333333333334,30.0,52.666666666666664,Desconocido
2007-09-21 18:00:00,13.033333333333333,53.33333333333333,0.0,0.4952145615030217,120.0,34.0,0.0,7.466666666666667,33.0,46.333333333333336,Desconocido
2007-09-21 17:00:00,13.1,67.0,0.0,0.6096596034405919,120.0,34.0,0.0,8.8,36.0,40.0,Frío_y_Lluvioso
2007-09-21 16:00:00,13.1,67.0,0.0,0.6160545414031436,120.0,34.0,0.0,8.8,36.0,40.0,Frío_y_Lluvioso
2007-09-21 15:00:00,13.1,81.0,0.0,0.4938819023113566,120.0,34.0,0.0,11.600000000000001,34.0,23.0,Desconocido
2007-09-21 14:00:00,13.1,95.0,0.0,0.6038846616507884,120.0,34.0,0.0,14.4,32.0,6.0,Frío_y_Lluvioso
2007-09-21 13:00:00,13.0,80.0,0.0,0.602762572527826,120.0,34.0,0.0,4.8,30.0,17.0,Frío_y_Lluvioso
2007-09-21 12:00:00,12.833333333333334,53.33333333333333,0.3333333333333333,0.49990960309917365,120.0,22.666666666666664,0.0,4.966666666666667,28.0,11.333333333333332,Desconocido
2007-09-13 07:00:00,12.6,0.0,1.0,0.5084726865234568,74.0,24.0,0.0,33.0,26.0,34.0,Desconocido
2007-09-13 06:00:00,12.6,0.0,1.0,0.4963446907895521,74.0,48.0,0.0,18.9,26.0,21.0,Desconocido
2007-09-13 05:00:00,12.6,0.0,1.0,0.6571700924356842,74.0,71.0,0.0,4.8,26.0,8.0,Frío_y_Lluvioso
2007-09-13 04:00:00,12.649999999999999,0.0,1.0,0.4820419414955268,74.0,36.0,0.0,4.8,26.5,20.0,Desconocido
2007-09-08 17:00:00,13.0,169.6800000000003,1.0,0.6571700924356842,649.0,71.0,0.0,20.4,18.0,51.0,Templado_y_Lluvioso
2007-09-07 13:00:00,12.75,46.5,0.5,0.5008732997253232,73.0,26.5,0.0,4.8,28.5,43.5,Desconocido
2007-09-07 12:00:00,12.625,24.25,0.75,0.4933625984163466,73.0,39.75,0.0,4.8,26.25,42.75,Desconocido
2007-09-07 11:00:00,12.5,2.0,1.0,0.6571700924356842,73.0,53.0,0.0,4.8,24.0,42.0,Frío_y_Lluvioso
2007-09-07 10:00:00,12.55,1.0,1.0,0.49871453647747327,73.0,53.0,0.0,4.8,24.0,35.5,Desconocido
2007-09-07 09:00:00,12.6,0.0,1.0,0.6571700924356842,73.0,53.0,0.0,4.8,24.0,29.0,Frío_y_Lluvioso
2007-09-07 08:00:00,12.6,0.0,1.0,0.48550961314985697,73.0,53.0,0.0,4.8,24.333333333333332,21.0,Desconocido
2007-09-07 07:00:00,12.6,0.0,1.0,0.49828373798735737,73.0,53.0,0.0,4.8,24.666666666666668,13.0,Desconocido
2007-09-07 06:00:00,12.6,0.0,1.0,0.6571700924356842,73.0,53.0,0.0,4.8,25.0,5.0,Frío_y_Lluvioso
2007-09-07 05:00:00,12.6,0.0,1.0,0.5036357225636334,73.0,53.0,0.0,4.8,25.0,18.0,Desconocido
2007-09-07 04:00:00,12.6,0.0,1.0,0.6571700924356842,73.0,53.0,0.0,4.8,25.0,31.0,Frío_y_Lluvioso
2007-09-07 03:00:00,12.666666666666666,6.0,0.8333333333333334,0.4774971671427373,73.0,53.0,0.0,6.033333333333333,27.0,31.166666666666668,Desconocido
2007-09-07 02:00:00,12.733333333333333,12.0,0.6666666666666667,0.4824204380904756,73.0,53.0,0.0,7.266666666666666,29.0,31.333333333333332,Desconocido
2007-09-07 01:00:00,12.8,18.0,0.5,0.4828542106810325,73.0,53.0,0.0,8.5,31.0,31.5,Desconocido
2007-09-07 00:00:00,12.866666666666667,24.0,0.33333333333333337,0.4915427194139695,73.0,53.0,0.0,9.733333333333333,33.0,31.666666666666668,Desconocido
2007-09-06 23:00:00,12.933333333333334,30.0,0.16666666666666674,0.5016216407659573,73.0,53.0,0.0,10.966666666666665,35.0,31.833333333333332,Desconocido
2007-09-06 22:00:00,13.0,36.0,0.0,0.6571700924356842,73.0,53.0,0.0,12.2,37.0,32.0,Frío_y_Lluvioso
2007-09-06 21:00:00,13.0,36.0,0.0,0.6471757039797768,73.0,53.0,0.0,12.2,37.0,32.0,Frío_y_Lluvioso
2007-09-06 20:00:00,13.033333333333333,58.0,0.0,0.5020768765949624,73.0,53.0,0.0,11.433333333333334,37.0,30.0,Desconocido
2007-09-06 19:00:00,13.066666666666666,80.0,0.0,0.5037898631817412,73.0,53.0,0.0,10.666666666666666,37.0,28.0,Desconocido
2007-09-06 18:00:00,13.1,102.0,0.0,0.6571700924356842,73.0,53.0,0.0,9.9,37.0,26.0,Frío_y_Lluvioso
2007-09-06 17:00:00,13.1,103.5,0.0,0.5046236064094071,73.0,53.0,0.0,22.300000000000004,35.5,16.5,Desconocido
2007-09-06 16:00:00,13.1,105.0,0.0,0.6425651320803923,73.0,53.0,0.0,34.7,34.0,7.0,Cálido_y_Lluvioso
2007-09-06 15:00:00,12.95,79.5,0.0,0.49587223698646005,73.0,53.0,0.0,19.75,30.5,23.0,Desconocido
2007-09-06 14:00:00,12.8,54.0,0.0,0.6571700924356842,73.0,53.0,0.0,4.8,27.0,39.0,Frío_y_Lluvioso
2007-09-06 13:00:00,12.65,32.5,0.0,0.5072091382408889,73.0,53.0,0.0,4.8,25.5,35.5,Desconocido
2007-09-06 12:00:00,12.5,11.0,0.0,0.6532040939550992,73.0,53.0,0.0,4.8,24.0,32.0,Frío_y_Lluvioso
2007-09-06 11:00:00,12.5,5.5,0.5,0.501787084617092,73.0,26.5,0.0,4.8,23.5,30.0,Desconocido
2007-09-03 22:00:00,12.925,23.25,0.25,0.48872298020377825,20.0,25.0,0.0,18.075,36.25,48.0,Desconocido
2007-09-03 21:00:00,13.0,31.0,0.0,0.5933952774556703,28.0,33.0,0.0,22.5,39.0,60.0,Templado_y_Lluvioso
2007-08-31 23:00:00,11.2832,69.75,0.0,0.5079381281985099,240.0,3.75,0.0,10.725,34.25,28.75,Desconocido
2007-08-29 05:00:00,12.45,85.0,1.0,0.49325250603769066,18.0,71.0,0.0,19.5,31.5,13.5,Desconocido
2007-08-29 04:00:00,12.5,42.0,1.0,0.6571700924356842,649.0,71.0,0.0,34.2,41.0,21.0,Cálido_y_Lluvioso
2007-08-29 03:00:00,12.516666666666666,35.833333333333336,0.8333333333333334,0.4880502333555302,189.0,71.0,0.0,30.700000000000003,41.0,24.0,Desconocido
2007-08-29 02:00:00,12.533333333333333,29.666666666666664,0.6666666666666667,0.48833478404775393,649.0,71.0,0.0,27.200000000000003,38.666666666666664,27.0,Desconocido
2007-08-29 01:00:00,12.55,23.5,0.5,0.5067090509249104,649.0,71.0,0.0,23.700000000000003,35.5,30.0,Desconocido
2007-08-29 00:00:00,12.566666666666666,17.333333333333332,0.33333333333333337,0.5075565994578098,649.0,69.33333333333333,0.0,20.200000000000003,32.333333333333336,33.0,Desconocido
2007-08-28 23:00:00,12.583333333333332,11.166666666666664,0.16666666666666674,0.5027259945684079,649.0,42.66666666666666,0.0,16.7,29.166666666666668,36.0,Desconocido
2007-08-28 22:00:00,12.6,5.0,0.0,0.5552824854744223,18.0,16.0,0.0,13.2,26.0,39.0,Frío_y_Seco
2007-08-28 15:00:00,12.8,100.0,0.0,0.5557094004131095,18.0,16.0,0.0,6.4,20.0,8.0,Frío_y_Seco
2007-08-07 05:00:00,11.2832,14.333333333333329,0.8888888888888888,0.4980033828804271,276.6666666666667,0.8888888888888888,0.0,20.666666666666668,21.444444444444443,0.0,Desconocido
2007-07-15 05:00:00,11.2832,1.0,1.0,0.4891249367317924,415.0,1.0,0.0,21.5,20.0,0.0,Templado_y_Lluvioso
2007-07-15 04:00:00,11.2832,1.0,1.0,0.5020543320718105,415.0,1.0,0.0,21.5,20.0,0.0,Desconocido
2007-07-15 03:00:00,11.2832,1.0,1.0,0.49508954374898695,415.0,1.0,0.0,21.5,20.0,0.0,Desconocido
2007-07-15 02:00:00,11.2832,1.0,1.0,0.4795035682716712,415.0,1.0,0.0,21.5,20.0,0.0,Desconocido
2007-07-15 01:00:00,11.2832,1.0,1.0,0.5084726586690194,415.0,1.0,0.0,21.5,20.0,0.0,Templado_y_Lluvioso
2007-07-15 00:00:00,11.2832,1.0,1.0,0.5042628035360147,415.0,1.0,0.0,21.5,20.0,0.0,Desconocido
2007-07-14 23:00:00,11.2832,1.0,1.0,0.5039003751029126,415.0,1.0,0.0,21.5,20.0,0.0,Desconocido
2007-07-14 22:00:00,11.2832,1.0,1.0,0.504491793040381,415.0,1.0,0.0,21.5,20.0,0.0,Desconocido
2007-07-14 21:00:00,11.2832,1.0,1.0,0.526825549462781,415.0,1.0,0.0,21.5,20.0,0.0,Desconocido
2007-07-14 20:00:00,11.2832,1.0,1.0,0.49157707830112835,415.0,1.0,0.0,21.5,20.0,0.0,Desconocido
2007-07-14 19:00:00,11.2832,1.0,1.0,0.49254238635781733,415.0,1.0,0.0,21.5,20.0,0.0,Templado_y_Lluvioso
2007-07-14 18:00:00,11.2832,1.0,1.0,0.4900019127931229,415.0,1.0,0.0,21.5,20.0,0.0,Templado_y_Lluvioso
2007-07-14 17:00:00,11.2832,1.0,1.0,0.5009874243189854,415.0,1.0,0.0,21.5,20.0,0.0,Desconocido
2007-07-14 16:00:00,11.2832,1.0,1.0,0.5069718367939923,415.0,1.0,0.0,21.5,20.0,0.0,Templado_y_Lluvioso
2007-07-14 15:00:00,11.2832,1.0,1.0,0.5098593917936801,415.0,1.0,0.0,21.5,20.0,0.0,Desconocido
2007-07-14 14:00:00,11.2832,1.0,1.0,0.5014569494430111,415.0,1.0,0.0,21.5,20.0,0.0,Desconocido
2007-07-14 13:00:00,11.2832,1.0,1.0,0.5002850587400193,415.0,1.0,0.0,21.5,20.0,0.0,Desconocido
2007-07-14 12:00:00,11.2832,1.0,1.0,0.4990612790415167,415.0,1.0,0.0,21.5,20.0,0.0,Desconocido
2007-07-14 11:00:00,11.2832,1.0,1.0,0.5039728516606108,415.0,1.0,0.0,21.5,20.0,0.0,Desconocido
2007-07-14 10:00:00,11.2832,1.0,1.0,0.5016244805733734,415.0,1.0,0.0,21.5,20.0,0.0,Templado_y_Lluvioso
2007-07-14 09:00:00,11.2832,1.0,1.0,0.5127799284956793,415.0,1.0,0.0,21.5,20.0,0.0,Desconocido
2007-07-14 08:00:00,11.2832,1.0,1.0,0.48448990799698277,415.0,1.0,0.0,21.5,20.0,0.0,Desconocido
2007-07-14 07:00:00,11.2832,1.0,1.0,0.49388080141279045,415.0,1.0,0.0,21.5,20.0,0.0,Desconocido
2007-07-14 06:00:00,11.2832,1.0,1.0,0.5085485471282492,415.0,1.0,0.0,21.5,20.0,0.0,Templado_y_Lluvioso
2007-07-14 05:00:00,11.2832,1.0,1.0,0.5006118489766784,415.0,1.0,0.0,21.5,20.0,0.0,Desconocido
2007-07-14 04:00:00,11.2832,1.0,1.0,0.4903102051036038,415.0,1.0,0.0,21.5,20.0,0.0,Desconocido
2007-07-14 03:00:00,11.2832,1.0,1.0,0.4952759135715819,415.0,1.0,0.0,21.5,20.0,0.0,Desconocido
2007-07-14 02:00:00,11.2832,1.0,1.0,0.5062685549548146,415.0,1.0,0.0,21.5,20.0,0.0,Templado_y_Lluvioso
2007-07-14 01:00:00,11.2832,1.0,1.0,0.49074820849713374,415.0,1.0,0.0,21.5,20.0,0.0,Desconocido
2007-07-14 00:00:00,11.2832,1.0,1.0,0.5186689595805124,415.0,1.0,0.0,21.5,20.0,0.0,Desconocido
2007-07-13 23:00:00,11.2832,1.0,1.0,0.4774971671427373,415.0,1.0,0.0,21.5,20.0,0.0,Desconocido
2007-07-13 22:00:00,11.2832,1.0,1.0,0.48837572335339013,415.0,1.0,0.0,21.5,20.0,0.0,Desconocido
2007-07-13 21:00:00,11.2832,1.0,1.0,0.5062799631731809,415.0,1.0,0.0,21.5,20.0,0.0,Desconocido
2007-07-13 20:00:00,11.2832,1.0,1.0,0.5068129359275019,415.0,1.0,0.0,21.5,20.0,0.0,Desconocido
2007-07-13 19:00:00,11.2832,1.0,1.0,0.5020662681279167,415.0,1.0,0.0,21.5,20.0,0.0,Desconocido
2007-07-13 18:00:00,11.2832,1.0,1.0,0.4991188535239382,415.0,1.0,0.0,21.5,20.0,0.0,Desconocido
2007-07-13 17:00:00,11.2832,1.0,1.0,0.509438737966143,415.0,1.0,0.0,21.5,20.0,0.0,Templado_y_Lluvioso
2007-07-13 16:00:00,11.2832,1.0,1.0,0.4999889416519562,415.0,1.0,0.0,21.5,20.0,0.0,Desconocido
2007-07-13 15:00:00,11.2832,1.0,1.0,0.4946690109519999,415.0,1.0,0.0,21.5,20.0,0.0,Desconocido
2007-07-13 14:00:00,11.2832,1.0,1.0,0.5089682638088597,415.0,1.0,0.0,21.5,20.0,0.0,Templado_y_Lluvioso
2007-07-13 13:00:00,11.2832,0.8,1.0,0.49259392634141663,415.0,1.0,0.0,18.58,20.0,0.0,Desconocido
2007-07-13 12:00:00,11.2832,0.6,1.0,0.5029533553813202,415.0,1.0,0.0,15.66,20.0,0.0,Desconocido
2007-07-13 11:00:00,11.2832,0.3999999999999999,1.0,0.4900286608022494,415.0,1.0,0.0,12.74,20.0,0.0,Desconocido
2007-07-13 10:00:00,11.2832,0.19999999999999996,1.0,0.5100399898139454,415.0,1.0,0.0,9.82,20.0,0.0,Desconocido
2007-07-13 09:00:00,11.2832,0.0,1.0,0.5253607736118885,415.0,1.0,0.0,6.9,20.0,0.0,Frío_y_Lluvioso
2007-07-13 08:00:00,11.2832,0.0,1.0,0.4983416812371044,415.0,1.0,0.0,15.35,20.5,0.0,Desconocido
2007-07-13 07:00:00,11.2832,0.0,1.0,0.4991923273992213,415.0,1.0,0.0,23.8,21.0,0.0,Templado_y_Lluvioso
2007-07-13 06:00:00,11.2832,0.0,1.0,0.4966469463353947,415.0,1.0,0.0,35.8,21.0,0.0,Desconocido
2007-07-13 05:00:00,11.2832,0.0,1.0,0.5262246370465296,415.0,1.0,0.0,47.8,21.0,0.0,Cálido_y_Lluvioso
2007-07-13 04:00:00,11.2832,0.0,1.0,0.4995175380420176,415.0,1.0,0.0,39.199999999999996,21.2,0.0,Desconocido
2007-07-13 03:00:00,11.2832,0.0,1.0,0.48720908677303854,415.0,1.0,0.0,30.599999999999998,21.4,0.0,Desconocido
2007-07-13 02:00:00,11.2832,0.0,1.0,0.4995564179458988,415.0,1.0,0.0,22.0,21.6,0.0,Desconocido
2007-07-13 01:00:00,11.2832,0.0,1.0,0.5171602017031154,415.0,1.0,0.0,13.399999999999999,21.8,0.0,Desconocido
2007-07-12 13:00:00,11.2832,37.0,1.0,0.5084987642267875,415.0,1.0,0.0,1.8,19.0,0.0,Frío_y_Lluvioso
2007-07-12 12:00:00,11.2832,18.5,1.0,0.48148668050089416,415.0,0.5,0.0,2.6,18.5,0.0,Desconocido
2007-07-12 11:00:00,11.2832,0.0,1.0,0.4943390183725822,415.0,0.0,0.0,3.7,18.0,0.0,Frío_y_Lluvioso
2007-07-12 10:00:00,11.2832,0.0,1.0,0.48631694869679765,415.0,0.0,0.0,1.9000000000000001,18.0,0.0,Desconocido
2007-07-12 09:00:00,11.2832,0.0,1.0,0.4944583720649862,415.0,0.0,0.0,1.8,18.0,0.0,Frío_y_Lluvioso
2007-07-12 08:00:00,11.2832,0.0,1.0,0.5045861546240269,415.0,0.0,0.0,1.8,18.0,0.0,Frío_y_Lluvioso
2007-07-12 07:00:00,11.2832,0.0,1.0,0.5064283598798318,415.0,0.0,0.0,24.7,18.0,0.0,Desconocido
2007-07-12 06:00:00,11.2832,0.0,1.0,0.5160664093418565,415.0,0.0,0.0,48.2,18.0,0.0,Cálido_y_Lluvioso
2007-07-12 05:00:00,11.2832,0.0,1.0,0.49099089914015354,415.0,0.0,0.0,44.4,18.333333333333332,0.0,Desconocido
2007-07-12 04:00:00,11.2832,0.0,1.0,0.49337339323304447,415.0,0.0,0.0,40.6,18.666666666666668,0.0,Desconocido
2007-07-12 03:00:00,11.2832,0.0,1.0,0.48105499633244597,415.0,0.0,0.0,36.8,19.0,0.0,Cálido_y_Lluvioso
2007-07-12 02:00:00,11.2832,1.7142857142857142,1.0,0.5192518180032695,415.0,0.0,0.0,38.75714285714285,19.428571428571427,0.0,Desconocido
2007-07-12 01:00:00,11.2832,3.4285714285714284,1.0,0.49652647610928563,415.0,0.0,0.0,40.714285714285715,19.857142857142858,0.0,Desconocido
2007-07-12 00:00:00,11.2832,5.142857142857142,1.0,0.5069093342991595,415.0,0.0,0.0,42.67142857142857,20.285714285714285,0.0,Desconocido
2007-07-11 23:00:00,11.2832,6.857142857142857,1.0,0.4831256665466713,415.0,0.0,0.0,44.628571428571426,20.714285714285715,0.0,Desconocido
2007-07-11 14:00:00,11.2832,4.0,1.0,0.5052347557915315,414.0,0.0,0.0,22.8,22.0,0.0,Templado_y_Lluvioso
2007-07-11 13:00:00,11.2832,2.5,1.0,0.5093344316761622,414.0,0.0,0.0,20.700000000000003,23.0,0.0,Desconocido
2007-07-11 12:00:00,11.2832,1.0,1.0,0.4992500916496047,414.0,0.0,0.0,18.6,24.0,0.0,Templado_y_Lluvioso
2007-07-11 11:00:00,11.2832,0.5,1.0,0.5058828086070465,414.0,6.5,0.0,15.3,24.5,0.0,Desconocido
2007-06-27 09:00:00,11.7,169.6800000000003,1.0,0.6571700924356842,649.0,71.0,0.0,20.1,38.0,50.0,Templado_y_Lluvioso
2007-06-27 08:00:00,11.7,169.6800000000003,1.0,0.5132589646717631,294.0,71.0,0.0,16.275000000000002,34.25,37.5,Desconocido
2007-06-27 07:00:00,11.7,169.6800000000003,1.0,0.4939048788054061,401.0,71.0,0.0,12.450000000000001,30.5,25.0,Desconocido
2007-06-27 06:00:00,11.7,89.5,1.0,0.4980946296447738,401.0,36.5,0.0,8.625,26.75,12.5,Desconocido
2007-06-15 13:00:00,12.233333333333334,169.6800000000003,0.16666666666666666,0.4940190939676028,393.0,25.833333333333332,0.0,42.550000000000004,41.0,14.166666666666666,Desconocido
2007-06-15 12:00:00,12.166666666666668,169.6800000000003,0.3333333333333333,0.49195405901361433,397.0,20.666666666666664,0.0,37.900000000000006,41.0,11.333333333333332,Desconocido
2007-06-04 16:00:00,12.6,169.6800000000003,1.0,0.6571700924356842,502.0,71.0,0.0,13.2,38.0,49.0,Frío_y_Lluvioso
2007-06-04 15:00:00,12.466666666666667,169.6800000000003,0.6666666666666667,0.5142121548300481,649.0,71.0,0.0,14.733333333333333,32.666666666666664,32.66666666666667,Desconocido
2007-06-04 14:00:00,12.333333333333332,158.66666666666666,0.33333333333333337,0.5239207498023721,649.0,46.33333333333333,0.0,16.266666666666666,27.333333333333336,16.333333333333336,Desconocido
2007-05-31 10:00:00,12.0,169.6800000000003,0.0,0.605550503517357,301.0,36.0,0.0,18.2,26.0,22.0,Templado_y_Lluvioso
2007-05-31 08:00:00,12.0,169.6800000000003,1.0,0.6571700924356842,649.0,71.0,0.0,30.6,41.0,36.0,Cálido_y_Lluvioso
2007-05-31 07:00:00,12.0,98.5,1.0,0.5006769559032942,374.0,71.0,0.0,16.8,33.0,18.0,Desconocido
2007-05-27 05:00:00,12.2,169.6800000000003,1.0,0.5941675516126103,392.0,32.0,0.0,48.0,18.0,8.0,Cálido_y_Lluvioso
2007-05-26 07:00:00,11.2832,1.0,0.5,0.4947284960919774,396.0,32.0,0.0,27.8,30.0,16.0,Desconocido
2007-05-26 04:00:00,11.2832,1.3333333333333335,0.3333333333333333,0.4987015610076711,649.0,42.66666666666667,0.0,17.6,34.666666666666664,21.333333333333336,Desconocido
2007-05-26 03:00:00,11.2832,0.6666666666666667,0.6666666666666666,0.5149570397717896,396.0,21.333333333333336,0.0,17.1,27.333333333333336,10.666666666666668,Desconocido
2007-05-25 12:00:00,12.3,20.5,0.5,0.5045336919481854,396.0,20.0,0.0,10.5,20.0,0.0,Desconocido
2007-05-25 11:00:00,12.2,1.0,1.0,0.6200519712058853,396.0,40.0,0.0,4.8,18.0,0.0,Frío_y_Lluvioso
2007-05-25 10:00:00,12.2,0.0,1.0,0.6147602077306427,396.0,40.0,0.0,5.0,18.0,0.0,Frío_y_Lluvioso
2007-05-25 09:00:00,12.2,0.0,1.0,0.6056112633959051,396.0,40.0,0.0,6.3,18.0,0.0,Frío_y_Lluvioso
2007-05-25 08:00:00,12.2,0.0,1.0,0.6228583524615655,396.0,40.0,0.0,3.4,18.0,0.0,Frío_y_Lluvioso
2007-05-25 07:00:00,12.2,0.0,1.0,0.5079756293218729,396.0,40.0,0.0,25.349999999999998,18.0,0.0,Desconocido
2007-05-25 06:00:00,12.2,0.0,1.0,0.6014636146320528,396.0,40.0,0.0,47.3,18.0,0.0,Cálido_y_Lluvioso
2007-05-25 05:00:00,12.225,0.0,1.0,0.4994189592819595,396.0,40.0,0.0,37.974999999999994,18.0,0.0,Desconocido
2007-05-25 04:00:00,12.25,0.0,1.0,0.49699425128653907,396.0,40.0,0.0,28.65,18.0,0.0,Desconocido
2007-05-25 03:00:00,12.275,0.0,1.0,0.4980061476799922,396.0,40.0,0.0,19.325,18.5,0.0,Desconocido
2007-05-25 02:00:00,12.3,0.0,1.0,0.6211727203039615,396.0,40.0,0.0,10.0,19.0,0.0,Frío_y_Lluvioso
2007-05-25 01:00:00,12.3,0.0,1.0,0.490356612512502,396.0,40.0,0.0,28.0,19.0,0.0,Desconocido
2007-05-25 00:00:00,12.3,0.0,1.0,0.625164981393419,396.0,40.0,0.0,46.0,19.0,0.0,Cálido_y_Lluvioso
2007-05-24 23:00:00,12.45,12.0,0.5,0.49901708741481215,396.0,40.0,0.0,31.65,20.5,0.0,Desconocido
2007-05-24 22:00:00,12.6,24.0,0.0,0.6235728554043302,396.0,40.0,0.0,17.3,22.0,0.0,Templado_y_Lluvioso
2007-05-24 21:00:00,12.633333333333333,32.333333333333336,0.0,0.4978587432943958,396.0,40.0,0.0,16.933333333333334,22.0,0.0,Desconocido
2007-05-24 20:00:00,12.666666666666666,40.66666666666667,0.0,0.4885447433646062,396.0,40.0,0.0,16.566666666666666,22.0,0.0,Desconocido
2007-05-24 19:00:00,12.7,49.0,0.0,0.6066529792633537,396.0,40.0,0.0,16.2,22.0,0.0,Templado_y_Lluvioso
2007-05-24 18:00:00,12.8,61.0,0.0,0.6167786155682161,396.0,40.0,0.0,17.0,23.0,0.0,Templado_y_Lluvioso
2007-05-24 17:00:00,12.8,75.0,0.0,0.6133949078672036,396.0,40.0,0.0,16.1,23.0,0.0,Templado_y_Lluvioso
2007-05-24 16:00:00,12.7,63.0,0.0,0.6212768455955183,396.0,40.0,0.0,16.5,22.0,0.0,Templado_y_Lluvioso
2007-05-24 15:00:00,12.7,57.0,0.0,0.621638869202639,396.0,40.0,0.0,17.6,21.0,0.0,Templado_y_Lluvioso
2007-05-24 14:00:00,12.7,60.0,0.0,0.631922952790361,396.0,40.0,0.0,15.1,20.0,0.0,Templado_y_Lluvioso
2007-05-24 13:00:00,12.45,36.5,0.0,0.4850128058502364,396.0,40.0,0.0,31.85,18.5,0.0,Desconocido
2007-05-24 12:00:00,12.2,13.0,0.0,0.6096169638317039,396.0,40.0,0.0,48.6,18.0,0.0,Cálido_y_Lluvioso
2007-05-24 11:00:00,12.2,6.5,0.5,0.5026580577385079,395.0,20.0,0.0,47.35,18.0,0.0,Desconocido
2007-05-18 18:00:00,12.5,5.0,1.0,0.6571700924356842,649.0,71.0,0.0,46.4,41.0,60.0,Cálido_y_Lluvioso
2007-05-10 22:00:00,12.649999999999999,19.5,0.5,0.4967939796625153,355.0,56.0,0.0,27.65,27.0,1.0,Desconocido
2007-05-10 21:00:00,12.7,39.0,0.0,0.6571700924356842,379.0,71.0,0.0,31.8,31.0,2.0,Cálido_y_Lluvioso
2007-05-10 08:00:00,12.4,0.0,1.0,0.5649141238653663,355.0,28.0,0.0,8.5,18.0,0.0,Frío_y_Lluvioso
2007-05-10 07:00:00,12.422222222222222,0.0,1.0,0.5007556686007605,355.0,28.0,0.0,9.2,18.11111111111111,0.0,Desconocido
2007-05-10 06:00:00,12.444444444444445,0.0,1.0,0.49528713792687123,355.0,28.0,0.0,9.9,18.22222222222222,0.0,Desconocido
2007-05-10 05:00:00,12.466666666666667,0.0,1.0,0.5011056718282693,355.0,28.0,0.0,10.6,18.333333333333332,0.0,Desconocido
2007-05-10 04:00:00,12.488888888888889,0.0,1.0,0.48998603231217264,355.0,28.0,0.0,11.3,18.444444444444443,0.0,Desconocido
2007-05-10 03:00:00,12.511111111111111,0.0,1.0,0.519194071449347,355.0,28.0,0.0,12.0,18.555555555555557,0.0,Desconocido
2007-05-10 02:00:00,12.533333333333333,0.0,1.0,0.4944336597178879,355.0,28.0,0.0,12.7,18.666666666666668,0.0,Desconocido
2007-05-10 01:00:00,12.555555555555555,0.0,1.0,0.4965515013791782,355.0,28.0,0.0,13.4,18.77777777777778,0.0,Desconocido
2007-05-10 00:00:00,12.577777777777778,0.0,1.0,0.4886982462374316,355.0,28.0,0.0,14.100000000000001,18.88888888888889,0.0,Desconocido
2007-05-09 23:00:00,12.6,0.0,1.0,0.5794179095035884,355.0,28.0,0.0,14.8,19.0,0.0,Frío_y_Lluvioso
2007-05-09 22:00:00,12.7,9.5,0.5,0.5190232060926696,355.0,28.0,0.0,15.5,20.0,0.0,Desconocido
2007-05-09 21:00:00,12.8,19.0,0.0,0.5892641367465469,355.0,28.0,0.0,16.2,21.0,0.0,Templado_y_Lluvioso
2007-05-09 20:00:00,12.850000000000001,30.5,0.0,0.4980059440924957,355.0,28.0,0.0,15.8,21.0,0.0,Desconocido
2007-05-09 19:00:00,12.9,42.0,0.0,0.5773311434644081,355.0,28.0,0.0,15.4,21.0,0.0,Templado_y_Lluvioso
2007-05-09 18:00:00,13.0,55.5,0.0,0.5092065639481099,355.0,28.0,0.0,15.850000000000001,21.0,0.0,Desconocido
2007-05-09 17:00:00,13.1,69.0,0.0,0.5831450332323524,355.0,28.0,0.0,16.3,21.0,0.0,Templado_y_Lluvioso
2007-05-09 16:00:00,13.05,63.0,0.0,0.5070204747953329,355.0,28.0,0.0,14.100000000000001,20.5,0.0,Desconocido
2007-05-09 15:00:00,13.0,57.0,0.0,0.577708311703748,355.0,28.0,0.0,11.9,20.0,0.0,Frío_y_Lluvioso
2007-05-09 14:00:00,12.75,98.5,0.0,0.508924126163178,355.0,28.0,0.0,24.15,19.5,0.0,Desconocido
2007-05-09 13:00:00,12.5,140.0,0.0,0.5950096732735631,355.0,28.0,0.0,36.4,19.0,0.0,Cálido_y_Lluvioso
2007-05-04 11:00:00,12.65,169.6800000000003,0.5,0.5007913757331915,649.0,63.5,0.0,2.75,41.0,24.5,Desconocido
2007-05-04 10:00:00,12.575,112.0,0.75,0.5008524733613708,249.0,31.75,0.0,3.7749999999999995,35.25,12.25,Desconocido
2007-05-03 07:00:00,12.5,0.0,1.0,0.5070798424779592,326.0,21.333333333333332,0.0,8.133333333333333,26.0,0.0,Desconocido
2007-05-03 06:00:00,12.5,0.0,1.0,0.6120343119883237,326.0,32.0,0.0,9.8,26.0,0.0,Frío_y_Lluvioso
2007-05-03 05:00:00,12.525,0.0,1.0,0.4928211852814323,326.0,24.0,0.0,19.925,26.5,0.0,Desconocido
2007-04-30 21:00:00,12.8,133.0,0.0,0.6571700924356842,649.0,71.0,0.0,4.1,40.0,32.0,Frío_y_Lluvioso
2007-04-29 09:00:00,12.5,0.0,1.0,0.5709825110572042,326.0,16.0,0.0,30.6,20.0,0.0,Cálido_y_Lluvioso
2007-04-29 03:00:00,12.6,0.0,1.0,0.5571357122636726,326.0,16.0,0.0,4.8,22.0,0.0,Frío_y_Lluvioso
2007-04-29 00:00:00,12.6,0.0,1.0,0.5544637653029673,326.0,16.0,0.0,29.7,24.0,0.0,Cálido_y_Lluvioso
2007-04-28 20:00:00,12.9,29.0,0.0,0.554290327776018,326.0,16.0,0.0,18.4,31.0,0.0,Templado_y_Lluvioso
2007-04-28 14:00:00,13.1,96.0,0.0,0.568957247364371,326.0,16.0,0.0,11.1,25.0,0.0,Frío_y_Lluvioso
2007-04-21 16:00:00,13.0,57.5,0.5,0.5078519325562779,134.0,67.5,0.0,17.9,41.0,31.0,Desconocido
2007-04-20 10:00:00,12.583333333333334,12.166666666666671,0.8333333333333333,0.48865378490927414,275.0,23.333333333333336,0.0,20.483333333333334,27.666666666666664,0.0,Desconocido
2007-04-20 09:00:00,12.5,0.0,1.0,0.5919708834371199,275.0,28.0,0.0,22.6,26.0,0.0,Templado_y_Lluvioso
2007-04-20 08:00:00,12.5,0.0,1.0,0.5785223421992726,275.0,28.0,0.0,4.8,26.0,0.0,Frío_y_Lluvioso
2007-04-20 07:00:00,12.5,0.0,1.0,0.5857134047520454,275.0,28.0,0.0,4.8,26.0,0.0,Frío_y_Lluvioso
2007-04-20 06:00:00,12.5,0.0,1.0,0.5122147750855478,275.0,28.0,0.0,13.75,26.5,0.0,Desconocido
2007-04-20 05:00:00,12.5,0.0,1.0,0.5669066812783474,275.0,28.0,0.0,22.7,27.0,0.0,Templado_y_Lluvioso
2007-04-20 04:00:00,12.55,0.0,1.0,0.5107979171798158,275.0,28.0,0.0,17.9,27.0,0.0,Desconocido
2007-04-20 03:00:00,12.6,0.0,1.0,0.5909920346719075,275.0,28.0,0.0,13.1,27.0,0.0,Frío_y_Lluvioso
2007-04-20 02:00:00,12.6,0.0,1.0,0.4847984419535355,275.0,28.0,0.0,14.35,27.5,0.0,Desconocido
2007-04-20 01:00:00,12.6,0.0,1.0,0.579203143282946,275.0,28.0,0.0,15.6,28.0,0.0,Templado_y_Lluvioso
2007-04-20 00:00:00,12.6,0.0,1.0,0.5920114119185124,275.0,28.0,0.0,31.7,28.0,0.0,Cálido_y_Lluvioso
2007-04-19 23:00:00,12.649999999999999,1.0,1.0,0.48074450015653153,275.0,28.0,0.0,18.25,29.0,0.0,Desconocido
2007-04-19 22:00:00,12.7,2.0,1.0,0.5936074629920607,275.0,28.0,0.0,4.8,30.0,0.0,Frío_y_Lluvioso
2007-04-19 21:00:00,12.7,8.0,0.0,0.5705623409217911,275.0,28.0,0.0,30.2,31.0,0.0,Cálido_y_Lluvioso
2007-04-19 20:00:00,12.8,16.0,0.0,0.5776338176478377,275.0,28.0,0.0,36.7,32.0,0.0,Cálido_y_Lluvioso
2007-04-19 19:00:00,12.9,40.5,0.0,0.49716724955956804,275.0,28.0,0.0,25.650000000000002,35.0,0.0,Desconocido
2007-04-19 18:00:00,13.0,65.0,0.0,0.5841305381628304,275.0,28.0,0.0,14.6,38.0,0.0,Frío_y_Lluvioso
2007-04-19 17:00:00,13.025,75.25,0.0,0.48760925047670434,275.0,28.0,0.0,14.175,36.5,0.0,Desconocido
2007-04-19 16:00:00,13.05,85.5,0.0,0.49837973060686647,275.0,28.0,0.0,13.75,35.0,0.0,Desconocido
2007-04-19 15:00:00,13.075,95.75,0.0,0.49794604130243647,275.0,28.0,0.0,13.325,33.5,0.0,Desconocido
2007-04-19 14:00:00,13.1,106.0,0.0,0.5833335802552009,275.0,28.0,0.0,12.9,32.0,0.0,Frío_y_Lluvioso
2007-04-19 13:00:00,12.5,17.0,0.0,0.5768028324907893,275.0,28.0,0.0,31.5,26.0,0.0,Cálido_y_Lluvioso
2007-04-15 06:00:00,12.6,0.0,1.0,0.6248133086575746,129.0,40.0,0.0,47.5,27.0,0.0,Cálido_y_Lluvioso
2007-04-11 21:00:00,12.95,113.5,0.0,0.5152639475320943,233.0,60.5,0.0,40.9,32.0,16.5,Desconocido
2007-04-11 20:00:00,13.1,169.6800000000003,0.0,0.6571700924356842,234.0,71.0,0.0,47.5,32.0,33.0,Cálido_y_Lluvioso
2007-04-11 19:00:00,13.1,169.6800000000003,0.0,0.5176016331451492,649.0,71.0,0.0,44.48,32.2,26.4,Desconocido
2007-04-11 18:00:00,13.1,169.6800000000003,0.0,0.5110232764696058,649.0,71.0,0.0,41.46,32.4,19.8,Desconocido
2007-04-11 17:00:00,13.1,143.0,0.0,0.5136615383859159,649.0,49.80000000000001,0.0,38.44,32.6,13.200000000000003,Desconocido
2007-04-11 16:00:00,13.1,116.0,0.0,0.513489156424647,649.0,28.400000000000006,0.0,35.42,32.8,6.600000000000001,Desconocido
2007-04-11 05:00:00,12.6,169.6800000000003,1.0,0.6571700924356842,649.0,71.0,0.0,8.7,27.0,16.0,Frío_y_Lluvioso
2007-04-11 04:00:00,12.649999999999999,169.6800000000003,1.0,0.5039094286095187,649.0,71.0,0.0,27.849999999999998,27.0,8.0,Desconocido
2007-04-09 09:00:00,12.6,0.0,1.0,0.5733629992426784,221.0,22.0,0.0,20.5,26.0,0.0,Templado_y_Lluvioso
2007-04-09 08:00:00,12.6,0.0,1.0,0.49518459873098586,221.0,22.0,0.0,20.5,26.333333333333332,0.0,Desconocido
2007-04-09 07:00:00,12.6,0.0,1.0,0.5053026900635552,221.0,22.0,0.0,20.5,26.666666666666668,0.0,Desconocido
2007-04-09 06:00:00,12.6,0.0,1.0,0.5821713662358222,221.0,22.0,0.0,20.5,27.0,0.0,Templado_y_Lluvioso
2007-04-09 05:00:00,12.7,0.0,1.0,0.5650962850511745,221.0,22.0,0.0,18.9,27.0,0.0,Templado_y_Lluvioso
2007-04-09 04:00:00,12.7,0.0,1.0,0.5000517987241467,221.0,22.0,0.0,21.383333333333333,27.5,0.0,Desconocido
2007-04-09 03:00:00,12.7,0.0,1.0,0.5262417094017519,221.0,22.0,0.0,23.866666666666664,28.0,0.0,Desconocido
2007-04-09 02:00:00,12.7,0.0,1.0,0.5054958682331747,221.0,22.0,0.0,26.349999999999998,28.5,0.0,Desconocido
2007-04-09 01:00:00,12.7,0.0,1.0,0.4996207124995058,221.0,22.0,0.0,28.83333333333333,29.0,0.0,Desconocido
2007-04-09 00:00:00,12.7,0.0,1.0,0.49989085563233676,221.0,22.0,0.0,31.316666666666663,29.5,0.0,Desconocido
2007-04-08 23:00:00,12.7,0.0,1.0,0.5564734547722727,221.0,22.0,0.0,33.8,30.0,0.0,Cálido_y_Lluvioso
2007-04-08 22:00:00,13.0,40.0,0.0,0.5650887050891886,221.0,22.0,0.0,41.3,35.0,0.0,Cálido_y_Lluvioso
2007-04-08 21:00:00,13.025,47.0,0.0,0.5163991951318989,221.0,22.0,0.0,41.824999999999996,34.75,0.0,Desconocido
2007-04-08 20:00:00,13.05,54.0,0.0,0.491167550112294,221.0,22.0,0.0,42.349999999999994,34.5,0.0,Desconocido
2007-04-08 19:00:00,13.075,61.0,0.0,0.4860943139009706,221.0,22.0,0.0,42.875,34.25,0.0,Desconocido
2007-04-08 18:00:00,13.1,68.0,0.0,0.5473146831880693,221.0,22.0,0.0,43.4,34.0,0.0,Cálido_y_Lluvioso
2007-04-08 17:00:00,13.1,68.5,0.0,0.501716444943727,219.0,22.0,0.0,36.65,35.5,0.0,Desconocido
2007-04-08 16:00:00,13.1,69.0,0.0,0.560119007873162,219.0,22.0,0.0,29.9,37.0,0.0,Cálido_y_Lluvioso
2007-04-08 15:00:00,13.033333333333333,62.666666666666664,0.0,0.49052488549181544,219.0,22.0,0.0,21.53333333333333,36.0,0.0,Desconocido
2007-04-08 14:00:00,12.966666666666667,56.333333333333336,0.0,0.48942243622154935,219.0,22.0,0.0,13.166666666666668,35.0,0.0,Desconocido
2007-04-08 13:00:00,12.9,50.0,0.0,0.5871616612995294,219.0,22.0,0.0,4.8,34.0,0.0,Frío_y_Lluvioso
2007-04-07 11:00:00,12.55,15.0,0.5,0.5008719555856486,198.0,29.0,0.0,8.2,27.0,0.0,Desconocido
2007-04-07 10:00:00,12.525,7.5,0.75,0.49612491082073323,198.0,41.0,0.0,11.45,26.5,0.0,Desconocido
2007-04-07 09:00:00,12.5,0.0,1.0,0.6478775993643613,198.0,53.0,0.0,14.7,26.0,0.0,Frío_y_Lluvioso
2007-04-07 08:00:00,12.533333333333333,0.0,1.0,0.5010112289628256,198.0,53.0,0.0,11.033333333333333,26.0,0.0,Desconocido
2007-04-07 07:00:00,12.566666666666666,0.0,1.0,0.4921983274451494,198.0,53.0,0.0,7.366666666666666,26.0,0.0,Desconocido
2007-04-07 06:00:00,12.6,0.0,1.0,0.6571700924356842,198.0,53.0,0.0,3.7,26.0,0.0,Frío_y_Lluvioso
2007-04-07 05:00:00,12.6,0.0,1.0,0.655227073608455,198.0,53.0,0.0,43.8,26.0,0.0,Cálido_y_Lluvioso
2007-04-07 04:00:00,12.6,0.0,1.0,0.6571700924356842,198.0,53.0,0.0,25.4,26.0,0.0,Cálido_y_Lluvioso
2007-04-07 03:00:00,12.649999999999999,0.0,1.0,0.50513378008769,198.0,53.0,0.0,22.5,26.5,0.0,Desconocido
2007-04-07 02:00:00,12.7,0.0,1.0,0.6571700924356842,198.0,53.0,0.0,19.6,27.0,0.0,Templado_y_Lluvioso
2007-04-07 01:00:00,12.7,0.0,1.0,0.6571700924356842,198.0,53.0,0.0,2.2,27.0,0.0,Frío_y_Lluvioso
2007-04-07 00:00:00,12.75,5.666666666666667,0.8333333333333334,0.49203845998586265,198.0,53.0,0.0,9.75,27.833333333333332,0.0,Desconocido
2007-04-06 23:00:00,12.799999999999999,11.333333333333334,0.6666666666666667,0.502805339819347,198.0,53.0,0.0,17.3,28.666666666666668,0.0,Desconocido
2007-04-06 22:00:00,12.85,17.0,0.5,0.4938596874066399,198.0,53.0,0.0,24.849999999999998,29.5,0.0,Desconocido
2007-04-06 21:00:00,12.9,22.666666666666668,0.33333333333333337,0.4999297390046178,198.0,53.0,0.0,32.4,30.333333333333332,0.0,Desconocido
2007-04-06 20:00:00,12.95,28.333333333333336,0.16666666666666674,0.5024830513565326,198.0,53.0,0.0,39.95,31.166666666666668,0.0,Desconocido
2007-04-06 19:00:00,13.0,34.0,0.0,0.6551081324278278,195.0,53.0,0.0,47.5,32.0,0.0,Cálido_y_Lluvioso
2007-04-06 18:00:00,13.1,61.0,0.0,0.6571700924356842,193.0,53.0,0.0,32.6,35.0,0.0,Cálido_y_Lluvioso
2007-04-06 17:00:00,13.1,69.0,0.0,0.6571700924356842,193.0,53.0,0.0,47.0,35.0,0.0,Cálido_y_Lluvioso
2007-04-06 16:00:00,13.1,169.6800000000003,1.0,0.6571700924356842,649.0,71.0,0.0,47.4,21.0,0.0,Cálido_y_Lluvioso
2007-04-06 15:00:00,13.0,169.6800000000003,0.5,0.5108022376249928,649.0,71.0,0.0,41.7,25.0,0.0,Desconocido
2007-04-06 14:00:00,12.9,41.0,0.0,0.6550548726618743,193.0,53.0,0.0,36.0,29.0,0.0,Cálido_y_Lluvioso
2007-04-06 13:00:00,12.75,30.5,0.0,0.4783714842544756,193.0,53.0,0.0,34.0,27.5,0.0,Desconocido
2007-04-06 12:00:00,12.6,20.0,0.0,0.6510095992842518,193.0,53.0,0.0,32.0,26.0,0.0,Cálido_y_Lluvioso
2007-04-05 02:00:00,12.6,169.6800000000003,1.0,0.6571700924356842,396.0,71.0,0.0,28.0,26.0,0.0,Cálido_y_Lluvioso
2007-04-05 01:00:00,12.633333333333333,128.0,1.0,0.5167866014420929,140.0,71.0,0.0,20.266666666666666,26.333333333333332,0.0,Desconocido
2007-04-05 00:00:00,12.666666666666666,64.0,1.0,0.5022553381743602,1.0,37.66666666666667,0.0,12.533333333333333,26.666666666666668,0.0,Desconocido
2007-04-04 21:00:00,11.2832,3.0,0.6666666666666667,0.5042234735633011,140.0,0.0,0.0,4.8,27.333333333333332,0.0,Desconocido
2007-04-02 14:00:00,13.1,70.0,0.0,0.5656642333873471,128.0,13.0,0.0,4.8,32.0,0.0,Frío_y_Lluvioso
2007-03-24 18:00:00,13.0,155.0,0.0,0.5059588470981391,95.0,71.0,0.0,19.450000000000003,31.5,29.5,Desconocido
2007-03-24 17:00:00,13.1,169.6800000000003,0.0,0.6571700924356842,649.0,71.0,0.0,23.6,34.0,59.0,Templado_y_Lluvioso
2007-02-28 14:00:00,12.899999999999999,73.5,0.0,0.5064445520924861,6.0,71.0,0.0,9.45,37.5,31.5,Desconocido
2007-02-28 13:00:00,12.7,77.0,0.0,0.6571700924356842,343.0,71.0,0.0,16.0,39.0,60.0,Templado_y_Lluvioso
2007-02-28 12:00:00,12.674999999999999,57.75,0.25,0.49438606114291256,6.0,71.0,0.0,18.95,35.75,47.25,Desconocido
2007-02-28 11:00:00,12.649999999999999,38.5,0.5,0.4942971990212419,6.0,71.0,0.0,21.9,32.5,31.5,Desconocido
2007-02-28 10:00:00,12.625,19.25,0.75,0.4969707331053648,6.0,63.5,0.0,24.85,29.25,15.75,Desconocido
2007-02-25 13:00:00,13.0,1.0,0.0,0.6571700924356842,649.0,71.0,0.0,28.7,33.0,59.0,Cálido_y_Lluvioso
2007-02-25 12:00:00,12.92,0.8,0.2,0.5037874614068707,209.0,71.0,0.0,32.1,31.6,47.2,Desconocido
2007-02-25 11:00:00,12.84,0.6,0.4,0.4941282230110026,611.0,71.0,0.0,35.5,30.2,35.4,Desconocido
2007-02-25 10:00:00,12.76,0.3999999999999999,0.6000000000000001,0.49946407670349585,649.0,63.0,0.0,38.900000000000006,28.8,23.599999999999994,Desconocido
2007-02-25 09:00:00,12.68,0.19999999999999996,0.8,0.48122764196004164,649.0,39.0,0.0,42.300000000000004,27.4,11.799999999999997,Desconocido
2007-02-21 11:00:00,12.5,0.0,1.0,0.56688505957735,628.0,21.0,0.0,40.4,24.0,0.0,Cálido_y_Lluvioso
2007-02-21 10:00:00,12.5,0.0,1.0,0.49598320782694244,627.0,21.0,0.0,22.599999999999998,24.0,0.0,Desconocido
2007-02-21 09:00:00,12.5,0.0,1.0,0.5561744308658734,627.0,21.0,0.0,4.8,24.0,0.0,Frío_y_Lluvioso
2007-02-21 08:00:00,12.5,0.0,1.0,0.5002805042238859,626.0,21.0,0.0,4.8,24.0,0.0,Desconocido
2007-02-21 07:00:00,12.5,0.0,1.0,0.5083403917098069,624.0,21.0,0.0,4.8,24.0,0.0,Desconocido
2007-02-21 06:00:00,12.5,0.0,1.0,0.5158938436247159,624.0,21.0,0.0,4.8,24.0,0.0,Desconocido
2007-02-21 05:00:00,12.5,0.0,1.0,0.5572113083311022,624.0,21.0,0.0,4.8,24.0,0.0,Frío_y_Lluvioso
2007-02-21 04:00:00,12.5,0.0,1.0,0.5678985074997119,624.0,21.0,0.0,35.3,24.0,0.0,Cálido_y_Lluvioso
2007-02-21 03:00:00,12.5,0.0,1.0,0.5639853087664366,624.0,21.0,0.0,4.8,25.0,0.0,Frío_y_Lluvioso
2007-02-21 02:00:00,12.6,0.0,1.0,0.5699501547249393,624.0,21.0,0.0,48.3,25.0,0.0,Cálido_y_Lluvioso
2007-02-21 01:00:00,12.6,0.0,1.0,0.49791759100300526,624.0,21.0,0.0,41.13333333333333,25.0,0.0,Desconocido
2007-02-21 00:00:00,12.6,0.0,1.0,0.4964191804562433,624.0,21.0,0.0,33.96666666666667,25.0,0.0,Desconocido
2007-02-20 23:00:00,12.6,0.0,1.0,0.5679411918033483,624.0,21.0,0.0,26.8,25.0,0.0,Cálido_y_Lluvioso
2007-02-20 22:00:00,12.649999999999999,5.0,0.5,0.49094817976369737,624.0,21.0,0.0,15.8,25.5,0.0,Desconocido
2007-02-20 21:00:00,12.7,10.0,0.0,0.5636905541884801,623.0,21.0,0.0,4.8,26.0,0.0,Frío_y_Lluvioso
2007-02-20 20:00:00,12.774999999999999,22.75,0.0,0.49812404266753835,620.0,21.0,0.0,13.275000000000002,27.0,0.0,Desconocido
2007-02-20 19:00:00,12.85,35.5,0.0,0.5018063450946765,615.0,21.0,0.0,21.750000000000004,28.0,0.0,Desconocido
2007-02-20 18:00:00,12.925,48.25,0.0,0.508048462236531,615.0,21.0,0.0,30.225000000000005,29.0,0.0,Desconocido
2007-02-20 17:00:00,13.0,61.0,0.0,0.563934816357126,615.0,21.0,0.0,38.7,30.0,0.0,Cálido_y_Lluvioso
2007-02-20 16:00:00,12.9,50.2,0.0,0.5049540699650048,615.0,21.0,0.0,31.740000000000002,29.2,0.0,Desconocido
2007-02-20 15:00:00,12.8,39.4,0.0,0.48791656691558977,615.0,21.0,0.0,24.78,28.4,0.0,Desconocido
2007-02-20 14:00:00,12.7,28.599999999999994,0.0,0.49834569598401046,615.0,21.0,0.0,17.82,27.6,0.0,Desconocido
2007-02-20 13:00:00,12.6,17.799999999999997,0.0,0.5013864995159253,615.0,21.0,0.0,10.86,26.8,0.0,Desconocido
2007-02-20 12:00:00,12.5,7.0,0.0,0.5697361002808905,615.0,21.0,0.0,3.9,26.0,0.0,Frío_y_Lluvioso
2007-02-19 06:00:00,12.6,0.0,1.0,0.5097470232618089,594.0,23.333333333333332,0.0,4.8,25.666666666666668,2.6666666666666665,Desconocido
2007-02-19 05:00:00,12.6,0.0,1.0,0.6105546600422972,586.0,34.0,0.0,4.8,26.0,4.0,Frío_y_Lluvioso
2007-02-18 11:00:00,12.5,5.0,0.5,0.4956713008656717,581.0,24.0,0.0,4.8,25.5,0.0,Desconocido
2007-02-18 10:00:00,12.5,0.0,1.0,0.6539760240469813,581.0,46.0,0.0,4.8,25.0,0.0,Frío_y_Lluvioso
2007-02-18 09:00:00,12.5,0.0,1.0,0.5108961569494076,581.0,46.0,0.0,4.8,25.0,0.0,Desconocido
2007-02-18 08:00:00,12.5,0.0,1.0,0.6463779843443651,581.0,46.0,0.0,4.8,25.0,0.0,Frío_y_Lluvioso
2007-02-18 07:00:00,12.6,0.0,1.0,0.64645758025086,581.0,46.0,0.0,4.8,25.0,0.0,Frío_y_Lluvioso
2007-02-18 06:00:00,12.6,0.0,1.0,0.6464357987043784,581.0,46.0,0.0,4.8,26.0,0.0,Frío_y_Lluvioso
2007-02-18 05:00:00,12.6,0.0,1.0,0.6287569159124653,581.0,46.0,0.0,4.8,26.0,0.0,Frío_y_Lluvioso
2007-02-18 04:00:00,12.6,0.0,1.0,0.5049407694960246,581.0,46.0,0.0,4.8,26.0,0.0,Desconocido
2007-02-18 03:00:00,12.6,0.0,1.0,0.648700211366461,581.0,46.0,0.0,4.8,26.0,0.0,Frío_y_Lluvioso
2007-02-18 02:00:00,12.625,0.0,1.0,0.49270147389622304,581.0,46.0,0.0,4.8,27.0,0.0,Desconocido
2007-02-18 01:00:00,12.649999999999999,0.0,1.0,0.5037445066853111,581.0,46.0,0.0,4.8,28.0,0.0,Desconocido
2007-02-18 00:00:00,12.674999999999999,0.0,1.0,0.5107674783816522,580.0,46.0,0.0,4.8,29.0,0.0,Desconocido
2007-02-17 23:00:00,12.7,0.0,1.0,0.6519937731873877,579.0,46.0,0.0,4.8,30.0,0.0,Frío_y_Lluvioso
2007-02-17 22:00:00,12.9,26.0,0.0,0.6281362087218723,579.0,46.0,0.0,30.1,32.0,0.0,Cálido_y_Lluvioso
2007-02-17 21:00:00,12.925,44.75,0.0,0.5060717248814175,579.0,46.0,0.0,30.275000000000002,32.0,0.0,Desconocido
2007-02-17 20:00:00,12.95,63.5,0.0,0.5012782075335916,579.0,46.0,0.0,30.450000000000003,32.0,0.0,Desconocido
2007-02-17 19:00:00,12.975,82.25,0.0,0.5058332443049494,579.0,46.0,0.0,30.625,32.0,0.0,Desconocido
2007-02-17 18:00:00,13.0,101.0,0.0,0.6379627803582999,579.0,46.0,0.0,30.8,32.0,0.0,Cálido_y_Lluvioso
2007-02-17 17:00:00,12.95,73.0,0.0,0.5053418820723812,579.0,46.0,0.0,29.75,31.0,0.0,Desconocido
2007-02-17 16:00:00,12.9,45.0,0.0,0.6501173597557928,579.0,46.0,0.0,28.7,30.0,0.0,Cálido_y_Lluvioso
2007-02-17 15:00:00,12.9,49.5,0.0,0.4971637648239154,579.0,46.0,0.0,16.75,29.5,0.0,Desconocido
2007-02-17 14:00:00,12.9,54.0,0.0,0.6533367083964687,579.0,46.0,0.0,4.8,29.0,0.0,Frío_y_Lluvioso
2007-02-17 13:00:00,12.8,49.0,0.0,0.6133730418611637,579.0,46.0,0.0,4.8,27.0,0.0,Frío_y_Lluvioso
2007-02-17 12:00:00,12.600000000000001,25.0,0.5,0.4989306205049775,579.0,27.5,0.0,4.8,26.0,0.0,Desconocido
2007-02-13 09:00:00,12.6,0.0,1.0,0.5553130066689016,524.0,13.0,0.0,4.8,26.0,0.0,Frío_y_Lluvioso
2007-02-13 04:00:00,12.6,0.0,1.0,0.5597793532598495,540.0,15.0,0.0,4.8,26.0,0.0,Frío_y_Lluvioso
2007-02-12 17:00:00,13.1,50.0,0.0,0.5967947132832638,649.0,36.0,0.0,43.8,36.0,36.0,Cálido_y_Lluvioso
2007-02-12 16:00:00,13.1,73.0,0.0,0.49733186211978087,649.0,24.5,0.0,24.4,35.0,18.0,Desconocido
2007-02-12 12:00:00,12.9,44.8,0.2,0.4956255454209131,523.0,20.4,0.0,4.8,29.2,0.0,Desconocido
2007-02-12 11:00:00,12.8,33.6,0.4,0.49120193797918327,523.0,27.8,0.0,4.8,28.4,0.0,Desconocido
2007-02-12 10:00:00,12.7,22.400000000000006,0.6000000000000001,0.4938388941999833,523.0,35.2,0.0,4.8,27.6,0.0,Desconocido
2007-02-12 09:00:00,12.6,11.200000000000003,0.8,0.5046698494568633,523.0,42.6,0.0,4.8,26.8,0.0,Desconocido
2007-02-12 08:00:00,12.5,0.0,1.0,0.6571700924356842,523.0,50.0,0.0,4.8,26.0,0.0,Frío_y_Lluvioso
2007-02-12 07:00:00,12.5,0.0,1.0,0.49532560016785576,523.0,50.0,0.0,4.8,26.0,0.0,Desconocido
2007-02-12 06:00:00,12.5,0.0,1.0,0.6376067804859651,522.0,50.0,0.0,4.8,26.0,0.0,Frío_y_Lluvioso
2007-02-12 05:00:00,12.5,0.0,1.0,0.4817017966050518,522.0,50.0,0.0,4.8,26.0,0.0,Desconocido
2007-02-12 04:00:00,12.5,0.0,1.0,0.6568686495894572,522.0,50.0,0.0,4.8,26.0,0.0,Frío_y_Lluvioso
2007-02-12 03:00:00,12.544444444444444,2.6666666666666665,0.8888888888888888,0.4902403828182129,522.0,50.0,0.0,4.8,26.555555555555557,0.0,Desconocido
2007-02-12 02:00:00,12.588888888888889,5.333333333333333,0.7777777777777778,0.5146507418492777,522.0,50.0,0.0,4.8,27.11111111111111,0.0,Desconocido
2007-02-12 01:00:00,12.633333333333333,8.0,0.6666666666666667,0.5105745975069746,522.0,50.0,0.0,4.8,27.666666666666668,0.0,Desconocido
2007-02-12 00:00:00,12.677777777777777,10.666666666666666,0.5555555555555556,0.505930452672311,522.0,50.0,0.0,4.8,28.22222222222222,0.0,Desconocido
2007-02-11 23:00:00,12.722222222222223,13.333333333333332,0.4444444444444444,0.4795405760714432,522.0,50.0,0.0,4.8,28.77777777777778,0.0,Desconocido
2007-02-11 22:00:00,12.766666666666667,16.0,0.33333333333333337,0.5008617217453412,521.0,50.0,0.0,4.8,29.333333333333332,0.0,Desconocido
2007-02-11 21:00:00,12.811111111111112,18.666666666666664,0.22222222222222232,0.492523624411044,517.3333333333334,50.0,0.0,4.8,29.88888888888889,0.0,Desconocido
2007-02-11 20:00:00,12.855555555555556,21.333333333333332,0.11111111111111116,0.4957373598857544,513.6666666666666,50.0,0.0,4.8,30.444444444444443,0.0,Desconocido
2007-02-11 17:00:00,12.9,24.0,0.0,0.6571700924356842,510.0,50.0,0.0,4.8,31.0,0.0,Frío_y_Lluvioso
2007-02-11 16:00:00,12.966666666666667,38.666666666666664,0.0,0.5190248894252851,510.0,50.0,0.0,4.8,30.333333333333332,0.0,Desconocido
2007-02-11 15:00:00,13.033333333333333,53.33333333333333,0.0,0.49076956125914994,510.0,50.0,0.0,4.8,29.666666666666668,0.0,Desconocido
2007-02-11 14:00:00,13.1,68.0,0.0,0.6494664870682829,510.0,50.0,0.0,4.8,29.0,0.0,Frío_y_Lluvioso
2007-02-11 13:00:00,13.0,56.666666666666664,0.16666666666666666,0.49686291879470246,510.0,41.666666666666664,0.0,4.8,28.5,0.0,Desconocido
2007-02-11 12:00:00,12.9,45.33333333333333,0.3333333333333333,0.49560840379439736,510.0,33.33333333333333,0.0,4.8,28.0,0.0,Desconocido
2007-02-11 11:00:00,12.8,34.0,0.5,0.499072266592235,502.0,25.0,0.0,4.8,27.5,0.0,Desconocido
2007-02-06 13:00:00,12.8,117.0,0.0,0.6571700924356842,649.0,71.0,0.0,19.0,18.0,19.0,Templado_y_Lluvioso
2007-02-04 04:00:00,12.6625,111.375,0.625,0.504117074594803,452.0,21.0,0.0,6.074999999999999,35.0,9.75,Desconocido
2007-02-04 03:00:00,12.674999999999999,74.25,0.75,0.5076211288231157,452.0,25.0,0.0,5.6499999999999995,33.0,6.5,Desconocido
2007-02-04 02:00:00,12.6875,37.125,0.875,0.5126970412666614,452.0,29.0,0.0,5.225,31.0,3.25,Desconocido
2007-02-04 01:00:00,12.7,0.0,1.0,0.5926177405907244,452.0,33.0,0.0,4.8,29.0,0.0,Frío_y_Lluvioso
2007-02-03 11:00:00,12.6,2.0,0.0,0.5833323212012839,452.0,21.0,0.0,4.8,27.0,0.0,Frío_y_Lluvioso
2007-02-03 10:00:00,12.6,1.0,0.5,0.49357659892920086,452.0,21.0,0.0,4.8,27.0,0.0,Desconocido
2007-02-03 09:00:00,12.6,0.0,1.0,0.5891309554844197,452.0,21.0,0.0,4.8,27.0,0.0,Frío_y_Lluvioso
2007-02-03 08:00:00,12.6,0.0,1.0,0.5691681453280318,452.0,21.0,0.0,4.8,27.0,0.0,Frío_y_Lluvioso
2007-02-03 07:00:00,12.649999999999999,0.0,1.0,0.49228234425445627,452.0,21.0,0.0,11.399999999999999,27.0,0.0,Desconocido
2007-02-03 06:00:00,12.7,0.0,1.0,0.5559374196427072,452.0,21.0,0.0,18.0,27.0,0.0,Templado_y_Lluvioso
2007-02-03 05:00:00,12.7,0.0,1.0,0.4851983056984473,452.0,21.0,0.0,20.2,27.5,0.0,Desconocido
2007-02-03 04:00:00,12.7,0.0,1.0,0.5064948723133966,452.0,21.0,0.0,22.4,28.0,0.0,Desconocido
2007-02-03 03:00:00,12.7,0.0,1.0,0.4998542146618494,452.0,21.0,0.0,24.6,28.5,0.0,Desconocido
2007-02-03 02:00:00,12.7,0.0,1.0,0.565561375671763,452.0,21.0,0.0,26.8,29.0,0.0,Cálido_y_Lluvioso
2007-02-03 01:00:00,12.733333333333333,0.6666666666666666,0.6666666666666667,0.48388513451580617,452.0,21.0,0.0,27.400000000000002,30.0,0.0,Desconocido
2007-02-03 00:00:00,12.766666666666667,1.3333333333333333,0.33333333333333337,0.5041675875802294,452.0,21.0,0.0,28.0,31.0,0.0,Desconocido
2007-02-02 23:00:00,12.8,2.0,0.0,0.5743226037293888,452.0,21.0,0.0,28.6,32.0,0.0,Cálido_y_Lluvioso
2007-02-02 22:00:00,12.95,25.0,0.0,0.4920900885028942,452.0,21.0,0.0,16.15,35.5,0.0,Desconocido
2007-02-02 21:00:00,13.1,48.0,0.0,0.5484410449768166,452.0,21.0,0.0,3.7,39.0,0.0,Frío_y_Lluvioso
2007-02-02 20:00:00,13.1,55.5,0.0,0.498811427225004,452.0,21.0,0.0,27.299999999999997,37.5,0.0,Desconocido
2007-02-02 19:00:00,13.1,63.0,0.0,0.550273612569927,452.0,21.0,0.0,48.8,36.0,0.0,Cálido_y_Lluvioso
2007-02-02 18:00:00,13.1,61.5,0.0,0.49531249061442384,452.0,21.0,0.0,48.8,36.5,0.0,Desconocido
2007-02-02 17:00:00,13.1,60.0,0.0,0.5847041492043099,451.0,21.0,0.0,48.8,37.0,0.0,Cálido_y_Lluvioso
2007-02-02 16:00:00,13.1,71.0,0.0,0.5686713926587293,451.0,21.0,0.0,22.5,34.0,0.0,Templado_y_Lluvioso
2007-02-02 15:00:00,13.1,71.0,0.0,0.5657239275405005,451.0,21.0,0.0,22.5,34.0,0.0,Templado_y_Lluvioso
2007-02-02 14:00:00,13.1,82.0,0.0,0.5620036687941924,451.0,21.0,0.0,27.4,33.0,0.0,Cálido_y_Lluvioso
2007-02-02 13:00:00,12.85,47.0,0.0,0.488121788342593,451.0,21.0,0.0,16.1,30.0,0.0,Desconocido
2007-02-02 12:00:00,12.6,12.0,0.0,0.5483880799065326,451.0,21.0,0.0,4.8,27.0,0.0,Frío_y_Lluvioso
2007-02-01 17:00:00,13.1,169.6800000000003,0.0,0.6571700924356842,649.0,71.0,0.0,17.0,41.0,32.0,Templado_y_Lluvioso
2007-01-24 13:00:00,12.7,169.6800000000003,1.0,0.6571700924356842,402.0,71.0,0.0,39.2,41.0,32.0,Cálido_y_Lluvioso
2007-01-24 12:00:00,12.68,169.6800000000003,1.0,0.5039660259752584,649.0,71.0,0.0,32.32,41.0,25.6,Desconocido
2007-01-24 11:00:00,12.66,148.8,1.0,0.5078735829308169,403.0,71.0,0.0,25.44,40.4,19.2,Desconocido
2007-01-24 10:00:00,12.639999999999999,99.19999999999999,1.0,0.4987352737160873,403.0,71.0,0.0,18.560000000000002,35.6,12.799999999999997,Desconocido
2007-01-24 09:00:00,12.62,49.599999999999994,1.0,0.4877168447119459,403.0,54.19999999999999,0.0,11.68,30.8,6.399999999999999,Desconocido
2007-01-23 09:00:00,12.7875,26.625,0.625,0.4958782422983054,403.0,21.0,0.0,24.0875,28.125,0.0,Desconocido
2007-01-23 08:00:00,12.725,17.75,0.75,0.4878672098068704,403.0,23.0,0.0,26.325,27.75,0.0,Desconocido
2007-01-23 07:00:00,12.6625,8.875,0.875,0.5045924528968926,403.0,25.0,0.0,28.5625,27.375,0.0,Desconocido
2007-01-23 06:00:00,12.6,0.0,1.0,0.575146585692607,403.0,27.0,0.0,30.8,27.0,0.0,Cálido_y_Lluvioso
2007-01-23 05:00:00,12.6,0.0,1.0,0.505577785957086,403.0,27.0,0.0,17.8,27.0,0.0,Desconocido
2007-01-23 04:00:00,12.6,0.0,1.0,0.5828427990497836,403.0,27.0,0.0,4.8,27.0,0.0,Frío_y_Lluvioso
2007-01-23 03:00:00,12.7,0.0,1.0,0.5834482893447906,403.0,27.0,0.0,4.8,27.0,0.0,Frío_y_Lluvioso
2007-01-23 02:00:00,12.7,0.0,1.0,0.5845418330329226,403.0,27.0,0.0,25.6,27.0,0.0,Cálido_y_Lluvioso
2007-01-23 01:00:00,12.7,0.0,1.0,0.5110990182672066,403.0,27.0,0.0,26.4,27.0,0.0,Desconocido
2007-01-23 00:00:00,12.7,0.0,1.0,0.5834632346691545,403.0,27.0,0.0,27.2,27.0,0.0,Cálido_y_Lluvioso
2007-01-22 23:00:00,12.75,5.5,0.5,0.5056938736781075,403.0,27.0,0.0,22.85,28.0,0.0,Desconocido
2007-01-22 22:00:00,12.8,11.0,0.0,0.5766813995432205,403.0,27.0,0.0,18.5,29.0,0.0,Templado_y_Lluvioso
2007-01-22 21:00:00,12.866666666666667,24.0,0.0,0.4975597812672931,403.0,27.0,0.0,15.166666666666666,32.666666666666664,0.0,Desconocido
2007-01-22 20:00:00,12.933333333333334,37.0,0.0,0.4858883949240109,393.0,27.0,0.0,11.833333333333332,36.333333333333336,0.0,Desconocido
2007-01-22 19:00:00,13.0,50.0,0.0,0.5662566042217854,392.0,27.0,0.0,8.5,40.0,0.0,Frío_y_Lluvioso
2007-01-22 18:00:00,13.05,57.5,0.0,0.49564540506969,392.0,27.0,0.0,7.6,38.5,0.0,Desconocido
2007-01-22 17:00:00,13.1,65.0,0.0,0.5748982775742916,392.0,27.0,0.0,6.7,37.0,0.0,Frío_y_Lluvioso
2007-01-22 16:00:00,13.133333333333333,69.33333333333333,0.0,0.5017507632231212,392.0,27.0,0.0,7.033333333333333,34.666666666666664,0.0,Desconocido
2007-01-22 15:00:00,13.166666666666666,73.66666666666667,0.0,0.4871893682575435,392.0,27.0,0.0,7.366666666666667,32.333333333333336,0.0,Desconocido
2007-01-22 14:00:00,13.174816143497758,78.0,0.0,0.5657337921478749,392.0,27.0,0.0,7.7,30.0,0.0,Frío_y_Lluvioso
2007-01-22 13:00:00,12.9,40.0,0.0,0.56244707466603,392.0,27.0,0.0,4.8,28.0,0.0,Frío_y_Lluvioso
2007-01-22 12:00:00,12.7,31.0,0.0,0.5982868724178507,392.0,27.0,0.0,4.8,27.0,0.0,Frío_y_Lluvioso
2007-01-22 11:00:00,12.683333333333334,25.833333333333332,0.16666666666666666,0.5034437786402799,392.0,23.166666666666668,0.0,4.8,26.833333333333332,0.0,Desconocido
2007-01-20 14:00:00,13.1,169.6800000000003,0.0,0.5077290554237126,362.0,71.0,0.0,21.599999999999998,26.0,2.0,Desconocido
2007-01-20 13:00:00,13.1,169.6800000000003,0.0,0.6571700924356842,460.0,71.0,0.0,41.3,19.0,4.0,Cálido_y_Lluvioso
2007-01-20 12:00:00,13.042857142857143,169.6800000000003,0.14285714285714285,0.5025145443305439,649.0,71.0,0.0,36.08571428571428,20.285714285714285,3.428571428571429,Desconocido
2007-01-20 11:00:00,12.985714285714286,169.6800000000003,0.2857142857142857,0.49984232107470666,649.0,71.0,0.0,30.871428571428567,21.571428571428573,2.857142857142857,Desconocido
2007-01-20 10:00:00,12.928571428571429,166.28571428571428,0.42857142857142855,0.508892506809958,649.0,71.0,0.0,25.657142857142855,22.857142857142858,2.2857142857142856,Desconocido
2007-01-20 09:00:00,12.87142857142857,124.71428571428572,0.5714285714285714,0.5099714837971827,302.0,71.0,0.0,20.44285714285714,24.142857142857142,1.7142857142857144,Desconocido
2007-01-20 08:00:00,12.814285714285713,83.14285714285717,0.7142857142857142,0.49879092264224884,362.0,58.28571428571428,0.0,15.228571428571424,25.42857142857143,1.1428571428571432,Desconocido
2007-01-20 07:00:00,12.757142857142856,41.571428571428584,0.8571428571428571,0.5051293731486161,362.0,29.14285714285714,0.0,10.014285714285712,26.714285714285715,0.5714285714285716,Desconocido
2007-01-15 08:00:00,12.75,169.6800000000003,0.5,0.5091587892951914,345.0,71.0,0.0,25.55,31.5,31.5,Desconocido
2007-01-15 07:00:00,12.9,169.6800000000003,0.0,0.6571700924356842,649.0,71.0,0.0,46.3,36.0,60.0,Cálido_y_Lluvioso
2007-01-15 06:00:00,12.75,169.6800000000003,0.5,0.49718770402592766,649.0,71.0,0.0,25.549999999999997,31.5,31.5,Desconocido
2007-01-14 10:00:00,12.67142857142857,9.57142857142857,0.8571428571428571,0.4870279207115964,340.0,20.0,0.0,7.371428571428572,26.42857142857143,0.0,Desconocido
2007-01-14 09:00:00,12.6,0.0,1.0,0.5669369304024788,340.0,23.0,0.0,7.2,25.0,0.0,Frío_y_Lluvioso
2007-01-14 08:00:00,12.6,0.0,1.0,0.5053673998797177,340.0,23.0,0.0,7.2,25.0,0.0,Desconocido
2007-01-14 01:00:00,12.6,0.0,1.0,0.49349325605503014,340.0,23.0,0.0,7.2,25.0,0.0,Desconocido
2007-01-13 23:00:00,12.6,0.0,1.0,0.4949878927866171,340.0,23.0,0.0,7.2,25.0,0.0,Desconocido
2007-01-13 22:00:00,12.6,0.0,1.0,0.5100898277251497,340.0,23.0,0.0,7.2,25.0,0.0,Desconocido
2007-01-13 18:00:00,12.6,0.0,1.0,0.5032339630103707,339.0,23.0,0.0,7.2,25.0,0.0,Desconocido
2007-01-13 17:00:00,12.6,0.0,1.0,0.49285159482523483,339.0,23.0,0.0,7.2,25.0,0.0,Desconocido
2007-01-13 16:00:00,12.6,0.0,1.0,0.5089114086946365,339.0,23.0,0.0,7.2,25.0,0.0,Desconocido
2007-01-13 15:00:00,12.6,0.0,1.0,0.509988613983141,339.0,23.0,0.0,7.2,25.0,0.0,Desconocido
2007-01-13 14:00:00,12.6,0.0,1.0,0.521822051500305,339.0,23.0,0.0,7.2,25.0,0.0,Desconocido
2007-01-13 13:00:00,12.6,0.0,1.0,0.4991596799942533,339.0,23.0,0.0,7.2,25.0,0.0,Desconocido
2007-01-13 12:00:00,12.6,0.0,1.0,0.4887027186535514,338.6666666666667,23.0,0.0,7.2,25.0,0.0,Desconocido
2007-01-13 11:00:00,12.6,0.0,1.0,0.49322792256759046,338.3333333333333,23.0,0.0,7.2,25.0,0.0,Desconocido
2007-01-13 08:00:00,12.6,0.0,1.0,0.5136798303113796,338.0,23.0,0.0,7.2,25.0,0.0,Desconocido
2007-01-13 07:00:00,12.6,0.0,1.0,0.5093310570711871,338.0,23.0,0.0,7.2,25.0,0.0,Desconocido
2007-01-13 03:00:00,12.6,0.0,1.0,0.5091899319140583,338.0,23.0,0.0,7.2,25.0,0.0,Desconocido
2007-01-13 02:00:00,12.6,0.0,1.0,0.49377101848964355,338.0,23.0,0.0,7.2,25.0,0.0,Desconocido
2007-01-13 00:00:00,12.6,0.0,1.0,0.5033207241291858,338.0,23.0,0.0,7.2,25.0,0.0,Desconocido
2007-01-12 22:00:00,12.6,0.0,1.0,0.5098294011196922,338.0,23.0,0.0,7.2,25.0,0.0,Desconocido
2007-01-12 19:00:00,12.6,0.0,1.0,0.4925362704507757,316.0,23.0,0.0,7.2,25.0,0.0,Desconocido
2007-01-12 17:00:00,12.6,0.0,1.0,0.503155440223307,317.0,23.0,0.0,7.2,25.0,0.0,Desconocido
2007-01-12 16:00:00,12.6,0.0,1.0,0.49307492906283906,316.0,23.0,0.0,7.2,25.0,0.0,Desconocido
2007-01-12 15:00:00,12.6,0.0,1.0,0.4965669102538336,316.0,23.0,0.0,7.2,25.0,0.0,Desconocido
2007-01-12 14:00:00,12.6,0.0,1.0,0.49083607758691367,316.0,23.0,0.0,7.2,25.0,0.0,Desconocido
2007-01-12 13:00:00,12.6,0.0,1.0,0.5091186742401996,316.0,23.0,0.0,7.2,25.0,0.0,Desconocido
2007-01-12 12:00:00,12.6,0.0,1.0,0.5008356904984926,316.0,23.0,0.0,7.2,25.0,0.0,Desconocido
2007-01-12 11:00:00,12.6,0.0,1.0,0.48416863769349894,316.0,23.0,0.0,7.2,25.0,0.0,Desconocido
2007-01-12 07:00:00,12.6,0.0,1.0,0.5057133611480304,316.0,23.0,0.0,7.2,25.0,0.0,Desconocido
2007-01-12 06:00:00,12.6,0.0,1.0,0.5112805926223083,316.0,23.0,0.0,7.2,25.0,0.0,Desconocido
2007-01-12 05:00:00,12.6,0.0,1.0,0.5067796285787981,316.0,23.0,0.0,7.2,25.0,0.0,Desconocido
2007-01-12 04:00:00,12.6,0.0,1.0,0.500229438361786,316.0,23.0,0.0,7.2,25.0,0.0,Desconocido
2007-01-12 02:00:00,12.6,0.0,1.0,0.5176291391636345,316.0,23.0,0.0,7.2,25.0,0.0,Desconocido
2007-01-12 01:00:00,12.6,0.0,1.0,0.48981612776387207,316.0,23.0,0.0,7.2,25.0,0.0,Desconocido
2007-01-12 00:00:00,12.6,0.0,1.0,0.4986757447568875,316.0,23.0,0.0,7.2,25.0,0.0,Desconocido
2007-01-11 23:00:00,12.6,0.0,1.0,0.4907468824981993,316.0,23.0,0.0,7.2,25.0,0.0,Desconocido
2007-01-11 20:00:00,12.6,0.0,1.0,0.5034124268977094,311.0,23.0,0.0,7.2,25.0,0.0,Desconocido
2007-01-11 17:00:00,12.6,0.0,1.0,0.4877920856886069,311.0,23.0,0.0,7.2,25.0,0.0,Desconocido
2007-01-11 16:00:00,12.6,0.0,1.0,0.5073970488271674,311.0,23.0,0.0,7.2,25.0,0.0,Desconocido
2007-01-11 15:00:00,12.6,0.0,1.0,0.49525607478013783,311.0,23.0,0.0,7.2,25.0,0.0,Desconocido
2007-01-11 14:00:00,12.6,0.0,1.0,0.48531212491032316,311.0,23.0,0.0,7.2,25.0,0.0,Desconocido
2007-01-11 13:00:00,12.6,0.0,1.0,0.49225047632195307,311.0,23.0,0.0,7.2,25.0,0.0,Desconocido
2007-01-11 12:00:00,12.6,0.0,1.0,0.5049032241281591,311.0,23.0,0.0,7.2,25.0,0.0,Desconocido
2007-01-11 11:00:00,12.6,0.0,1.0,0.4830941419453958,311.0,23.0,0.0,7.2,25.0,0.0,Desconocido
2007-01-11 10:00:00,12.6,0.0,1.0,0.5026816115839889,311.0,23.0,0.0,7.2,25.0,0.0,Desconocido
2007-01-11 09:00:00,12.6,0.0,1.0,0.502063409080115,311.0,23.0,0.0,7.2,25.0,0.0,Desconocido
2007-01-11 07:00:00,12.6,0.0,1.0,0.49745522932888037,311.0,23.0,0.0,7.2,25.0,0.0,Desconocido
2007-01-11 05:00:00,12.6,0.0,1.0,0.49110538756511246,311.0,23.0,0.0,7.2,25.0,0.0,Desconocido
2007-01-11 03:00:00,12.6,0.0,1.0,0.49463467421722557,311.0,23.0,0.0,7.2,25.0,0.0,Desconocido
2007-01-11 01:00:00,12.6,0.0,1.0,0.5074447364372437,311.0,23.0,0.0,7.2,25.0,0.0,Desconocido
2007-01-11 00:00:00,12.6,0.0,1.0,0.49600118588860087,311.0,23.0,0.0,7.2,25.0,0.0,Desconocido
2007-01-10 22:00:00,12.6,0.0,1.0,0.49731932421031366,311.0,23.0,0.0,7.2,25.0,0.0,Desconocido
2007-01-10 20:00:00,12.6,0.0,1.0,0.4922090283308734,311.0,23.0,0.0,7.2,25.0,0.0,Desconocido
2007-01-10 19:00:00,12.6,0.0,1.0,0.5017502015018409,311.0,23.0,0.0,7.2,25.0,0.0,Desconocido
2007-01-10 17:00:00,12.6,0.0,1.0,0.4858302094229094,311.0,23.0,0.0,7.2,25.0,0.0,Desconocido
2007-01-10 16:00:00,12.6,0.0,1.0,0.5159943313246905,311.0,23.0,0.0,7.2,25.0,0.0,Desconocido
2007-01-10 15:00:00,12.6,0.0,1.0,0.5109528861750005,311.0,23.0,0.0,7.2,25.0,0.0,Desconocido
2007-01-10 14:00:00,12.6,0.0,1.0,0.49575601037433237,311.0,23.0,0.0,7.2,25.0,0.0,Desconocido
2007-01-10 13:00:00,12.6,0.0,1.0,0.49632052056394904,311.0,23.0,0.0,7.2,25.0,0.0,Desconocido
2007-01-10 12:00:00,12.6,0.0,1.0,0.4991714060123006,311.0,23.0,0.0,7.2,25.0,0.0,Desconocido
2007-01-10 10:00:00,12.6,0.0,1.0,0.5047148403717208,311.0,23.0,0.0,7.2,25.0,0.0,Desconocido
2007-01-10 08:00:00,12.6,0.0,1.0,0.4895381545832558,311.0,23.0,0.0,7.2,25.0,0.0,Desconocido
2007-01-10 06:00:00,12.6,0.0,1.0,0.4976293251330596,311.0,23.0,0.0,7.2,25.0,0.0,Desconocido
2007-01-10 04:00:00,12.6,0.0,1.0,0.48434429154119907,311.0,23.0,0.0,7.2,25.0,0.0,Desconocido
2007-01-10 02:00:00,12.6,0.0,1.0,0.4870995760297287,311.0,23.0,0.0,7.2,25.0,0.0,Desconocido
2007-01-10 01:00:00,12.6,0.0,1.0,0.48721921114936384,311.0,23.0,0.0,7.2,25.0,0.0,Desconocido
2007-01-10 00:00:00,12.6,0.0,1.0,0.4949072694518633,311.0,23.0,0.0,7.2,25.0,0.0,Desconocido
2007-01-09 23:00:00,12.6,0.0,1.0,0.5020412749599085,311.0,23.0,0.0,7.2,25.0,0.0,Desconocido
2007-01-09 21:00:00,12.6,0.0,1.0,0.517676813465401,309.0,23.0,0.0,7.2,25.0,0.0,Desconocido
2007-01-09 19:00:00,12.6,0.0,1.0,0.4996152097284642,309.0,23.0,0.0,7.2,25.0,0.0,Desconocido
2007-01-09 17:00:00,12.6,0.0,1.0,0.4851735296603799,309.0,23.0,0.0,7.2,25.0,0.0,Desconocido
2007-01-09 16:00:00,12.6,0.0,1.0,0.48870162871054906,309.0,23.0,0.0,7.2,25.0,0.0,Desconocido
2007-01-09 15:00:00,12.6,0.0,1.0,0.4944337818012697,309.0,23.0,0.0,7.2,25.0,0.0,Desconocido
2007-01-09 14:00:00,12.6,0.0,1.0,0.5113031046703594,309.0,23.0,0.0,7.2,25.0,0.0,Desconocido
2007-01-09 13:00:00,12.6,0.0,1.0,0.5042602217058556,308.0,23.0,0.0,7.2,25.0,0.0,Desconocido
2007-01-09 12:00:00,12.6,0.0,1.0,0.495428939462463,308.0,23.0,0.0,7.2,25.0,0.0,Desconocido
2007-01-09 11:00:00,12.6,0.0,1.0,0.49799752769838157,307.5,23.0,0.0,7.2,25.0,0.0,Desconocido
2007-01-09 09:00:00,12.6,0.0,1.0,0.4981280392763527,307.0,23.0,0.0,7.2,25.0,0.0,Desconocido
2007-01-09 07:00:00,12.6,0.0,1.0,0.49507601815698443,307.0,23.0,0.0,7.2,25.0,0.0,Desconocido
2007-01-09 06:00:00,12.6,0.0,1.0,0.4774971671427373,305.0,23.0,0.0,7.2,25.0,0.0,Desconocido
2007-01-09 05:00:00,12.6,0.0,1.0,0.4793851469949232,302.0,23.0,0.0,7.2,25.0,0.0,Desconocido
2007-01-09 04:00:00,12.6,0.0,1.0,0.5101932003096677,301.0,23.0,0.0,7.2,25.0,0.0,Desconocido
2007-01-09 03:00:00,12.6,0.0,1.0,0.4847262204658383,300.0,23.0,0.0,7.2,25.0,0.0,Desconocido
2007-01-09 02:00:00,12.6,0.0,1.0,0.512142516355847,300.0,23.0,0.0,7.2,25.0,0.0,Desconocido
2007-01-08 22:00:00,12.6,0.0,1.0,0.5052001311141668,296.0,23.0,0.0,7.2,25.0,0.0,Desconocido
2007-01-08 20:00:00,12.6,0.0,1.0,0.49522999569643694,295.0,23.0,0.0,7.2,25.0,0.0,Desconocido
2007-01-08 17:00:00,12.6,0.0,1.0,0.514664808516865,279.0,23.0,0.0,7.2,25.0,0.0,Desconocido
2007-01-08 16:00:00,12.6,0.0,1.0,0.5104817940066444,279.0,23.0,0.0,7.2,25.0,0.0,Desconocido
2007-01-08 15:00:00,12.6,0.0,1.0,0.503691740131774,278.0,23.0,0.0,7.2,25.0,0.0,Desconocido
2007-01-08 12:00:00,12.6,0.0,1.0,0.5159011817849953,278.0,23.0,0.0,7.2,25.0,0.0,Desconocido
2007-01-08 11:00:00,12.6,0.0,1.0,0.49858598919250807,278.0,23.0,0.0,7.2,25.0,0.0,Desconocido
2007-01-08 09:00:00,12.6,0.0,1.0,0.5142792867259679,278.0,23.0,0.0,7.2,25.0,0.0,Desconocido
2007-01-08 06:00:00,12.6,0.0,1.0,0.4926951196777076,278.0,23.0,0.0,7.2,25.0,0.0,Desconocido
2007-01-08 04:00:00,12.6,0.0,1.0,0.5220390579283247,278.0,23.0,0.0,7.2,25.0,0.0,Desconocido
2007-01-08 00:00:00,12.6,0.0,1.0,0.5085871570033427,278.0,23.0,0.0,7.2,25.0,0.0,Desconocido
2007-01-07 19:00:00,12.6,0.0,1.0,0.48617900472891723,278.0,23.0,0.0,7.2,25.0,0.0,Desconocido
2007-01-07 17:00:00,12.6,0.0,1.0,0.49638605914128586,278.0,23.0,0.0,7.2,25.0,0.0,Desconocido
2007-01-07 16:00:00,12.6,0.0,1.0,0.5009226376723157,278.0,23.0,0.0,7.2,25.0,0.0,Desconocido
2007-01-07 14:00:00,12.6,0.0,1.0,0.49874581597764445,278.0,23.0,0.0,7.2,25.0,0.0,Desconocido
2007-01-07 13:00:00,12.6,0.0,1.0,0.4963100775264312,278.0,23.0,0.0,7.2,25.0,0.0,Desconocido
2007-01-07 12:00:00,12.6,0.0,1.0,0.5245496846522215,278.0,23.0,0.0,7.2,25.0,0.0,Desconocido
2007-01-07 10:00:00,12.6,0.0,1.0,0.4924137995351677,278.0,23.0,0.0,7.2,25.0,0.0,Desconocido
2007-01-07 08:00:00,12.6,0.0,1.0,0.49227084332543,278.0,23.0,0.0,7.2,25.0,0.0,Desconocido
2007-01-07 05:00:00,12.6,0.0,1.0,0.5035627356075612,278.0,23.0,0.0,7.2,25.0,0.0,Desconocido
2007-01-07 04:00:00,12.6,0.0,1.0,0.500178867018837,278.0,23.0,0.0,7.2,25.0,0.0,Desconocido
2007-01-07 03:00:00,12.6,0.0,1.0,0.5082168379037478,278.0,23.0,0.0,7.2,25.0,0.0,Desconocido
2007-01-07 01:00:00,12.6,0.0,1.0,0.5012706596598645,278.0,23.0,0.0,7.2,25.0,0.0,Desconocido
2007-01-06 23:00:00,12.6,0.0,1.0,0.5007993724449052,278.0,23.0,0.0,7.2,25.0,0.0,Desconocido
2007-01-06 20:00:00,12.6,0.0,1.0,0.49791182556146457,278.0,23.0,0.0,7.2,25.0,0.0,Desconocido
2007-01-06 18:00:00,12.6,0.0,1.0,0.49961911256551106,278.0,23.0,0.0,7.2,25.0,0.0,Desconocido
2007-01-06 17:00:00,12.6,0.0,1.0,0.49934978377648315,278.0,23.0,0.0,7.2,25.0,0.0,Desconocido
2007-01-06 15:00:00,12.6,0.0,1.0,0.4954021157913109,278.0,23.0,0.0,7.2,25.0,0.0,Desconocido
2007-01-06 14:00:00,12.6,0.0,1.0,0.49366725846242027,278.0,23.0,0.0,7.2,25.0,0.0,Desconocido
2007-01-06 11:00:00,12.6,0.0,1.0,0.4976571172366775,278.0,23.0,0.0,7.2,25.0,0.0,Desconocido
2007-01-06 10:00:00,12.6,0.0,1.0,0.5115551854796673,278.0,23.0,0.0,7.2,25.0,0.0,Desconocido
2007-01-06 09:00:00,12.6,0.0,1.0,0.510054253098155,278.0,23.0,0.0,7.2,25.0,0.0,Desconocido
2007-01-06 07:00:00,12.6,0.0,1.0,0.4969525335454527,278.0,23.0,0.0,7.2,25.0,0.0,Desconocido
2007-01-06 03:00:00,12.6,0.0,1.0,0.48819947161798694,278.0,23.0,0.0,7.2,25.0,0.0,Desconocido
2007-01-06 02:00:00,12.6,0.0,1.0,0.5150536768405778,278.0,23.0,0.0,7.2,25.0,0.0,Desconocido
2007-01-06 00:00:00,12.6,0.0,1.0,0.5019197043175133,278.0,23.0,0.0,7.2,25.0,0.0,Desconocido
2007-01-05 22:00:00,12.6,0.0,1.0,0.50741555839398,278.0,23.0,0.0,7.2,25.0,0.0,Desconocido
2007-01-05 21:00:00,12.6,0.0,1.0,0.49905340371075396,278.0,23.0,0.0,7.2,25.0,0.0,Desconocido
2007-01-05 19:00:00,12.6,0.0,1.0,0.4951933345317272,278.0,23.0,0.0,7.2,25.0,0.0,Desconocido
2007-01-05 18:00:00,12.6,0.0,1.0,0.4880092829575525,278.0,23.0,0.0,7.2,25.0,0.0,Desconocido
2007-01-05 17:00:00,12.6,0.0,1.0,0.49767312667440833,278.0,23.0,0.0,7.2,25.0,0.0,Desconocido
2007-01-05 15:00:00,12.6,0.0,1.0,0.508759424217861,278.0,23.0,0.0,7.2,25.0,0.0,Desconocido
2007-01-05 13:00:00,12.6,0.0,1.0,0.5003802535335616,278.0,23.0,0.0,7.2,25.0,0.0,Desconocido
2007-01-05 12:00:00,12.6,0.0,1.0,0.5115771847981458,278.0,23.0,0.0,7.2,25.0,0.0,Desconocido
2007-01-05 11:00:00,12.6,0.0,1.0,0.5079808680259015,278.0,23.0,0.0,7.2,25.0,0.0,Desconocido
2007-01-05 10:00:00,12.6,0.0,1.0,0.48309348026291443,278.0,23.0,0.0,7.2,25.0,0.0,Desconocido
2007-01-05 08:00:00,12.6,0.0,1.0,0.499715241694728,278.0,23.0,0.0,7.2,25.0,0.0,Desconocido
2007-01-05 02:00:00,12.6,0.0,1.0,0.4877946226324176,278.0,23.0,0.0,7.2,25.0,0.0,Desconocido
2007-01-05 01:00:00,12.6,0.0,1.0,0.5074821345693351,278.0,23.0,0.0,7.2,25.0,0.0,Desconocido
2007-01-04 23:00:00,12.6,0.0,1.0,0.5110187100496398,278.0,23.0,0.0,7.2,25.0,0.0,Desconocido
2007-01-04 20:00:00,12.6,0.0,1.0,0.5031670822814924,278.0,23.0,0.0,7.2,25.0,0.0,Desconocido
2007-01-04 18:00:00,12.6,0.0,1.0,0.4936117346339026,278.0,23.0,0.0,7.2,25.0,0.0,Desconocido
2007-01-04 16:00:00,12.6,0.0,1.0,0.4954468708997096,649.0,23.0,0.0,7.2,25.0,0.0,Desconocido
2007-01-04 15:00:00,12.6,0.0,1.0,0.5036887756648668,649.0,23.0,0.0,7.2,25.0,0.0,Desconocido
2007-01-04 13:00:00,12.6,0.0,1.0,0.49444548216496087,278.0,23.0,0.0,7.2,25.0,0.0,Desconocido
2007-01-04 12:00:00,12.6,0.0,1.0,0.5126137137845382,278.0,23.0,0.0,7.2,25.0,0.0,Desconocido
2007-01-04 11:00:00,12.6,0.0,1.0,0.5156072777297097,277.0,23.0,0.0,7.2,25.0,0.0,Desconocido
2007-01-04 09:00:00,12.6,0.0,1.0,0.4905898469634169,255.0,23.0,0.0,7.2,25.0,0.0,Desconocido
2007-01-04 07:00:00,12.6,0.0,1.0,0.5029062687747045,251.0,23.0,0.0,7.2,25.0,0.0,Desconocido
2007-01-04 05:00:00,12.6,0.0,1.0,0.5149374840788368,251.0,23.0,0.0,7.2,25.0,0.0,Desconocido
2007-01-04 00:00:00,12.6,0.0,1.0,0.49593049796252353,251.0,23.0,0.0,7.2,25.0,0.0,Desconocido
2007-01-03 22:00:00,12.6,0.0,1.0,0.48597322480523675,251.0,23.0,0.0,7.2,25.0,0.0,Desconocido
2007-01-03 21:00:00,12.6,0.0,1.0,0.5015769328747033,251.0,23.0,0.0,7.2,25.0,0.0,Desconocido
2007-01-03 20:00:00,12.6,0.0,1.0,0.5090680751705551,250.0,23.0,0.0,7.2,25.0,0.0,Desconocido
2007-01-03 19:00:00,12.6,0.0,1.0,0.48233862896852503,250.0,23.0,0.0,7.2,25.0,0.0,Desconocido
2007-01-03 16:00:00,12.6,0.0,1.0,0.5072866648719967,250.0,23.0,0.0,7.2,25.0,0.0,Desconocido
2007-01-03 12:00:00,12.6,0.0,1.0,0.49402274023648707,250.0,23.0,0.0,7.2,25.0,0.0,Desconocido
2007-01-03 11:00:00,12.6,0.0,1.0,0.4990614376871729,250.0,23.0,0.0,7.2,25.0,0.0,Desconocido
2007-01-03 08:00:00,12.6,0.0,1.0,0.4963258523983496,250.0,23.0,0.0,7.2,25.0,0.0,Desconocido
2007-01-03 07:00:00,12.6,0.0,1.0,0.49372027754168035,250.0,23.0,0.0,7.2,25.0,0.0,Desconocido
2007-01-03 06:00:00,12.6,0.0,1.0,0.5136440061293636,250.0,23.0,0.0,7.2,25.0,0.0,Desconocido
2007-01-03 05:00:00,12.6,0.0,1.0,0.5098735489733128,250.0,23.0,0.0,7.2,25.0,0.0,Desconocido
2007-01-03 04:00:00,12.6,0.0,1.0,0.5040255332965679,250.0,23.0,0.0,7.2,25.0,0.0,Desconocido
2007-01-03 01:00:00,12.6,0.0,1.0,0.50941924273323,250.0,23.0,0.0,7.2,25.0,0.0,Desconocido
2007-01-03 00:00:00,12.6,0.0,1.0,0.4905752923431884,250.0,23.0,0.0,7.2,25.0,0.0,Desconocido
2007-01-02 23:00:00,12.6,0.0,1.0,0.5086844535046575,250.0,23.0,0.0,7.2,25.0,0.0,Desconocido
2007-01-02 22:00:00,12.6,0.0,1.0,0.4983822753954635,250.0,23.0,0.0,7.2,25.0,0.0,Desconocido
2007-01-02 20:00:00,12.6,0.0,1.0,0.5162623480917389,250.0,23.0,0.0,7.2,25.0,0.0,Desconocido
2007-01-02 19:00:00,12.6,0.0,1.0,0.47865587501523266,250.0,23.0,0.0,7.2,25.0,0.0,Desconocido
2007-01-02 18:00:00,12.6,0.0,1.0,0.4967560528105265,250.0,23.0,0.0,7.2,25.0,0.0,Desconocido
2007-01-02 17:00:00,12.6,0.0,1.0,0.48492393437136927,250.0,23.0,0.0,7.2,25.0,0.0,Desconocido
2007-01-02 16:00:00,12.6,0.0,1.0,0.4953022318789389,250.0,23.0,0.0,7.2,25.0,0.0,Desconocido
2007-01-02 15:00:00,12.6,0.0,1.0,0.5031335793697803,250.0,23.0,0.0,7.2,25.0,0.0,Desconocido
2007-01-02 14:00:00,12.6,0.0,1.0,0.500928398177825,247.0,23.0,0.0,7.2,25.0,0.0,Desconocido
2007-01-02 13:00:00,12.6,0.0,1.0,0.4774971671427373,244.0,23.0,0.0,7.2,25.0,0.0,Desconocido
2007-01-01 09:00:00,12.6,0.0,1.0,0.5128400830612272,241.0,23.0,0.0,7.2,25.0,0.0,Desconocido
2007-01-01 08:00:00,12.6,0.0,1.0,0.5025501916700815,241.0,23.0,0.0,7.2,25.0,0.0,Desconocido
2007-01-01 07:00:00,12.6,0.0,1.0,0.5023986297086543,241.0,23.0,0.0,7.2,25.0,0.0,Desconocido
2007-01-01 06:00:00,12.6,0.0,1.0,0.5025119153121776,241.0,23.0,0.0,7.2,25.0,0.0,Desconocido
2007-01-01 05:00:00,12.6,0.0,1.0,0.503325916695665,241.0,23.0,0.0,7.2,25.0,0.0,Desconocido
2007-01-01 04:00:00,12.6,0.0,1.0,0.4962312820437486,241.0,23.0,0.0,7.2,25.0,0.0,Desconocido
2007-01-01 03:00:00,12.6,0.0,1.0,0.5202607028813757,241.0,23.0,0.0,7.2,25.0,0.0,Desconocido
2007-01-01 02:00:00,12.6,0.0,1.0,0.5148732273327903,241.0,23.0,0.0,7.2,25.0,0.0,Desconocido
2007-01-01 00:00:00,12.6,0.0,1.0,0.5104431594855122,241.0,23.0,0.0,7.2,25.0,0.0,Desconocido
